Team_Name,Num_Ids,Id_Array,Dates_Array,Cron_Times_15up,Cron_Times_0-15,Sport
Baltimore Orioles,81,"[9715974, 9715901, 9715909, 9715912, 9715934, 9715970, 9715978, 9715899, 9715910, 9715918, 9715929, 9715932, 9715954, 9715965, 9715976, 9715900, 9715911, 9715919, 9715955, 9715966, 9715927, 9715930, 9715952, 9715898, 9715906, 9715920, 9715928, 9715931, 9715953, 9715964, 9715975, 9715895, 9715914, 9715925, 9715947, 9715950, 9715972, 9715904, 9715915, 9715926, 9715948, 9715951, 9715894, 9715902, 9715913, 9715935, 9715946, 9715971, 9715979, 9715963, 9715959, 9715969, 9715968, 9715967, 9715938, 9715941, 9715939, 9715942, 9715943, 9715944, 9715916, 9715921, 9715922, 9715917, 9727441, 9715961, 9715960, 9715933, 9715897, 9715905, 9715949, 9715977, 9715945, 9715936, 9715937, 9715940, 9715956, 9715957, 9715958, 9715923, 9715924]","[""2017-05-29 17:05:00+00:00"", ""2017-08-21 23:05:00+00:00"", ""2017-05-19 23:05:00+00:00"", ""2017-08-31 23:05:00+00:00"", ""2017-07-19 23:05:00+00:00"", ""2017-04-07 23:05:00+00:00"", ""2017-09-05 23:05:00+00:00"", ""2017-07-22 23:05:00+00:00"", ""2017-05-20 20:05:00+00:00"", ""2017-07-14 23:05:00+00:00"", ""2017-05-09 23:05:00+00:00"", ""2017-07-17 23:05:00+00:00"", ""2017-09-19 23:05:00+00:00"", ""2017-05-23 23:05:00+00:00"", ""2017-05-31 23:05:00+00:00"", ""2017-07-23 17:35:00+00:00"", ""2017-05-21 17:35:00+00:00"", ""2017-07-15 23:05:00+00:00"", ""2017-09-20 23:05:00+00:00"", ""2017-05-24 16:35:00+00:00"", ""2017-08-29 23:05:00+00:00"", ""2017-06-06 23:05:00+00:00"", ""2017-06-04 17:35:00+00:00"", ""2017-07-21 23:05:00+00:00"", ""2017-04-05 23:05:00+00:00"", ""2017-07-16 17:35:00+00:00"", ""2017-05-08 23:05:00+00:00"", ""2017-06-07 23:05:00+00:00"", ""2017-09-18 23:05:00+00:00"", ""2017-05-22 23:05:00+00:00"", ""2017-05-30 23:05:00+00:00"", ""2017-08-19 23:05:00+00:00"", ""2017-09-02 23:05:00+00:00"", ""2017-08-30 19:05:00+00:00"", ""2017-04-22 23:05:00+00:00"", ""2017-06-02 23:05:00+00:00"", ""2017-04-09 17:35:00+00:00"", ""2017-08-23 19:05:00+00:00"", ""2017-09-03 17:35:00+00:00"", ""2017-08-28 23:05:00+00:00"", ""2017-04-23 17:35:00+00:00"", ""2017-06-03 23:15:00+00:00"", ""2017-08-18 23:05:00+00:00"", ""2017-08-22 23:05:00+00:00"", ""2017-09-01 23:05:00+00:00"", ""2017-07-20 23:05:00+00:00"", ""2017-04-21 23:05:00+00:00"", ""2017-04-08 20:05:00+00:00"", ""2017-09-06 23:05:00+00:00"", ""2017-08-06 17:35:00+00:00"", ""2017-08-03 23:05:00+00:00"", ""2017-05-07 17:35:00+00:00"", ""2017-05-06 23:05:00+00:00"", ""2017-05-05 23:05:00+00:00"", ""2017-04-26 23:05:00+00:00"", ""2017-07-02 17:35:00+00:00"", ""2017-06-30 23:05:00+00:00"", ""2017-09-21 23:05:00+00:00"", ""2017-09-22 23:05:00+00:00"", ""2017-09-23 23:05:00+00:00"", ""2017-06-17 20:05:00+00:00"", ""2017-06-19 23:05:00+00:00"", ""2017-06-20 23:05:00+00:00"", ""2017-06-18 17:35:00+00:00"", ""2017-06-16 23:05:00+00:00"", ""2017-08-05 23:05:00+00:00"", ""2017-08-04 23:05:00+00:00"", ""2017-07-18 23:05:00+00:00"", ""2017-08-20 17:35:00+00:00"", ""2017-04-03 19:05:00+00:00"", ""2017-06-01 23:05:00+00:00"", ""2017-09-04 17:35:00+00:00"", ""2017-09-24 17:35:00+00:00"", ""2017-04-24 23:05:00+00:00"", ""2017-04-25 23:05:00+00:00"", ""2017-07-01 20:05:00+00:00"", ""2017-07-31 23:05:00+00:00"", ""2017-08-01 23:05:00+00:00"", ""2017-08-02 23:05:00+00:00"", ""2017-06-21 23:05:00+00:00"", ""2017-06-22 23:05:00+00:00""]",00-00,,mlb
Los Angeles Dodgers,82,"[9714375, 9714449, 9714402, 9714390, 9714420, 9714376, 9714394, 9714422, 9714374, 9714404, 9714393, 9714395, 9714450, 9714388, 9714377, 9714405, 9714427, 9714430, 9714372, 9714421, 9714429, 9714389, 9714403, 9714448, 9714423, 9714380, 9714400, 9714398, 9714399, 9714370, 9714379, 9714382, 9714381, 9714369, 9714371, 9714364, 9714443, 9714415, 9714366, 9714413, 9714414, 9714441, 9714365, 9714442, 9714425, 9714359, 9714362, 9714451, 9714360, 9714434, 9714361, 9714432, 9714433, 9714452, 9714426, 9714424, 9714453, 9714410, 9714411, 9741691, 9714368, 9714409, 9714445, 9714446, 9714407, 9714367, 9714408, 9714444, 9714437, 9714435, 9714438, 9714439, 9714447, 9714387, 9714384, 9714385, 9714417, 9714418, 9714419, 9714440, 9714363, 9714373]","[""2017-05-09 02:10:00+00:00"", ""2017-09-24 01:10:00+00:00"", ""2017-06-20 02:10:00+00:00"", ""2017-05-28 20:10:00+00:00"", ""2017-07-21 02:10:00+00:00"", ""2017-05-10 02:10:00+00:00"", ""2017-06-07 02:10:00+00:00"", ""2017-07-22 20:00:00+00:00"", ""2017-05-04 02:10:00+00:00"", ""2017-06-22 02:10:00+00:00"", ""2017-06-06 02:10:00+00:00"", ""2017-06-07 19:10:00+00:00"", ""2017-09-24 20:10:00+00:00"", ""2017-05-27 02:10:00+00:00"", ""2017-05-11 02:10:00+00:00"", ""2017-06-23 02:10:00+00:00"", ""2017-07-29 02:10:00+00:00"", ""2017-07-30 20:10:00+00:00"", ""2017-05-02 02:10:00+00:00"", ""2017-07-22 02:10:00+00:00"", ""2017-07-29 20:05:00+00:00"", ""2017-05-27 23:15:00+00:00"", ""2017-06-21 02:10:00+00:00"", ""2017-09-23 02:10:00+00:00"", ""2017-07-23 20:00:00+00:00"", ""2017-05-20 02:10:00+00:00"", ""2017-06-11 20:10:00+00:00"", ""2017-06-10 02:10:00+00:00"", ""2017-06-11 02:10:00+00:00"", ""2017-04-30 01:10:00+00:00"", ""2017-05-19 02:10:00+00:00"", ""2017-05-21 20:10:00+00:00"", ""2017-05-21 02:10:00+00:00"", ""2017-04-29 02:10:00+00:00"", ""2017-04-30 20:10:00+00:00"", ""2017-04-16 01:10:00+00:00"", ""2017-09-07 02:10:00+00:00"", ""2017-07-07 02:10:00+00:00"", ""2017-04-18 02:10:00+00:00"", ""2017-07-05 01:10:00+00:00"", ""2017-07-06 02:10:00+00:00"", ""2017-09-05 00:10:00+00:00"", ""2017-04-16 20:10:00+00:00"", ""2017-09-06 02:10:00+00:00"", ""2017-07-26 02:10:00+00:00"", ""2017-04-03 20:10:00+00:00"", ""2017-04-06 19:10:00+00:00"", ""2017-09-26 02:10:00+00:00"", ""2017-04-05 02:10:00+00:00"", ""2017-08-13 20:10:00+00:00"", ""2017-04-06 02:10:00+00:00"", ""2017-08-12 02:10:00+00:00"", ""2017-08-13 01:10:00+00:00"", ""2017-09-27 02:10:00+00:00"", ""2017-07-27 02:10:00+00:00"", ""2017-07-25 02:10:00+00:00"", ""2017-09-28 02:10:00+00:00"", ""2017-06-27 02:10:00+00:00"", ""2017-06-28 02:10:00+00:00"", ""2017-04-02 01:10:00+00:00"", ""2017-04-20 02:10:00+00:00"", ""2017-06-25 20:10:00+00:00"", ""2017-09-09 02:10:00+00:00"", ""2017-09-10 01:10:00+00:00"", ""2017-06-24 02:10:00+00:00"", ""2017-04-19 02:10:00+00:00"", ""2017-06-25 02:10:00+00:00"", ""2017-09-08 02:10:00+00:00"", ""2017-08-17 02:10:00+00:00"", ""2017-08-16 02:10:00+00:00"", ""2017-08-26 02:10:00+00:00"", ""2017-08-27 01:10:00+00:00"", ""2017-09-10 20:10:00+00:00"", ""2017-05-26 02:10:00+00:00"", ""2017-05-24 02:10:00+00:00"", ""2017-05-25 02:10:00+00:00"", ""2017-07-08 02:10:00+00:00"", ""2017-07-08 23:15:00+00:00"", ""2017-07-09 20:10:00+00:00"", ""2017-08-27 20:10:00+00:00"", ""2017-04-15 02:10:00+00:00"", ""2017-05-03 02:10:00+00:00""]",00-10,,mlb
Washington Nationals,82,"[9710817, 9710820, 9710842, 9710796, 9710862, 9710835, 9710811, 9710844, 9710797, 9710838, 9710816, 9710841, 9710863, 9710798, 9710793, 9710809, 9710840, 9710860, 9710799, 9710810, 9710818, 9710821, 9710843, 9710819, 9710881, 9710795, 9710836, 9710801, 9710812, 9710800, 9821718, 9710794, 9710839, 9710861, 9710829, 9710832, 9710825, 9710869, 9710867, 9710868, 9710834, 9710833, 9710826, 9710827, 9710830, 9710828, 9710831, 9710854, 9710858, 9710850, 9710857, 9710853, 9710856, 9710859, 9710851, 9710852, 9710872, 9710845, 9710846, 9710865, 9710866, 9710870, 9710871, 9710855, 9710847, 9710848, 9710849, 9710815, 9710822, 9710823, 9710824, 9710880, 9710879, 9710864, 9710805, 9710807, 9710806, 9710803, 9710804, 9710802, 9710813, 9710814]","[""2017-09-16 17:05:00+00:00"", ""2017-08-12 23:05:00+00:00"", ""2017-08-25 23:05:00+00:00"", ""2017-07-07 23:05:00+00:00"", ""2017-09-30 23:05:00+00:00"", ""2017-04-28 23:05:00+00:00"", ""2017-06-28 23:05:00+00:00"", ""2017-08-27 17:35:00+00:00"", ""2017-07-08 20:05:00+00:00"", ""2017-04-30 17:35:00+00:00"", ""2017-09-15 23:05:00+00:00"", ""2017-07-05 23:05:00+00:00"", ""2017-10-01 19:05:00+00:00"", ""2017-07-09 17:35:00+00:00"", ""2017-06-13 23:05:00+00:00"", ""2017-06-26 23:05:00+00:00"", ""2017-07-04 15:05:00+00:00"", ""2017-09-28 23:05:00+00:00"", ""2017-09-12 23:05:00+00:00"", ""2017-06-27 23:05:00+00:00"", ""2017-09-17 17:35:00+00:00"", ""2017-08-13 17:35:00+00:00"", ""2017-08-26 20:05:00+00:00"", ""2017-08-11 23:05:00+00:00"", ""2017-06-12 23:05:00+00:00"", ""2017-07-06 23:05:00+00:00"", ""2017-04-29 17:05:00+00:00"", ""2017-09-14 23:05:00+00:00"", ""2017-06-29 20:05:00+00:00"", ""2017-09-13 23:05:00+00:00"", ""2017-03-31 20:05:00+00:00"", ""2017-06-14 20:05:00+00:00"", ""2017-07-03 22:05:00+00:00"", ""2017-09-29 23:05:00+00:00"", ""2017-08-08 23:05:00+00:00"", ""2017-08-28 23:05:00+00:00"", ""2017-04-03 17:05:00+00:00"", ""2017-06-25 17:35:00+00:00"", ""2017-06-23 23:05:00+00:00"", ""2017-06-24 20:05:00+00:00"", ""2017-08-30 20:05:00+00:00"", ""2017-08-29 23:05:00+00:00"", ""2017-04-05 23:05:00+00:00"", ""2017-04-06 20:05:00+00:00"", ""2017-08-09 23:05:00+00:00"", ""2017-08-07 23:05:00+00:00"", ""2017-08-10 23:05:00+00:00"", ""2017-05-13 23:05:00+00:00"", ""2017-09-09 23:05:00+00:00"", ""2017-04-14 20:05:00+00:00"", ""2017-09-08 23:05:00+00:00"", ""2017-05-12 23:05:00+00:00"", ""2017-09-07 23:05:00+00:00"", ""2017-09-10 17:35:00+00:00"", ""2017-04-15 17:05:00+00:00"", ""2017-04-16 17:35:00+00:00"", ""2017-07-30 17:35:00+00:00"", ""2017-05-10 23:05:00+00:00"", ""2017-05-11 23:05:00+00:00"", ""2017-06-10 16:05:00+00:00"", ""2017-06-11 20:05:00+00:00"", ""2017-07-28 23:05:00+00:00"", ""2017-07-29 23:05:00+00:00"", ""2017-05-14 17:35:00+00:00"", ""2017-05-26 23:05:00+00:00"", ""2017-05-27 20:05:00+00:00"", ""2017-05-28 17:35:00+00:00"", ""2017-05-04 17:05:00+00:00"", ""2017-05-23 23:05:00+00:00"", ""2017-05-24 23:05:00+00:00"", ""2017-05-25 20:05:00+00:00"", ""2017-08-16 17:05:00+00:00"", ""2017-08-15 23:05:00+00:00"", ""2017-06-09 23:05:00+00:00"", ""2017-04-10 23:05:00+00:00"", ""2017-04-12 20:05:00+00:00"", ""2017-04-11 23:05:00+00:00"", ""2017-07-26 23:05:00+00:00"", ""2017-07-27 16:05:00+00:00"", ""2017-07-25 23:05:00+00:00"", ""2017-05-02 23:05:00+00:00"", ""2017-05-03 23:05:00+00:00""]",00-20,,mlb
Arizona Diamondbacks,83,"[9718390, 9718442, 9718443, 9718382, 9718456, 9718455, 9718453, 9718384, 9718458, 9718416, 9718430, 9718438, 9718441, 9718449, 9718463, 9718375, 9718434, 9718417, 9718428, 9718431, 9718464, 9718435, 9718446, 9718460, 9718372, 9718462, 9718433, 9718444, 9718445, 9718461, 9718440, 9718394, 9718374, 9718366, 9718436, 9718447, 9718362, 9718368, 9718439, 9718393, 9718365, 9718437, 9718448, 9718459, 9718429, 9718432, 9718450, 9718377, 9718380, 9718378, 9718452, 9718451, 9718379, 9718412, 9718423, 9718422, 9767595, 9718371, 9767599, 9718369, 9718370, 9718424, 9718395, 9718413, 9718425, 9718414, 9718411, 9718419, 9718392, 9718398, 9718391, 9718427, 9718426, 9718396, 9718415, 9718385, 9718418, 9718399, 9718400, 9718420, 9718397, 9718421, 9718389]","[""2017-05-11 01:40:00+00:00"", ""2017-08-15 01:40:00+00:00"", ""2017-08-15 19:40:00+00:00"", ""2017-04-29 01:40:00+00:00"", ""2017-09-14 01:40:00+00:00"", ""2017-09-13 01:40:00+00:00"", ""2017-09-12 01:40:00+00:00"", ""2017-04-30 00:10:00+00:00"", ""2017-09-14 19:40:00+00:00"", ""2017-06-11 20:10:00+00:00"", ""2017-07-22 01:40:00+00:00"", ""2017-08-11 01:40:00+00:00"", ""2017-08-13 20:10:00+00:00"", ""2017-08-31 19:40:00+00:00"", ""2017-09-27 01:40:00+00:00"", ""2017-04-23 20:10:00+00:00"", ""2017-07-26 01:40:00+00:00"", ""2017-06-24 01:40:00+00:00"", ""2017-07-09 02:10:00+00:00"", ""2017-07-23 00:10:00+00:00"", ""2017-09-27 19:40:00+00:00"", ""2017-07-26 19:40:00+00:00"", ""2017-08-27 20:10:00+00:00"", ""2017-09-24 00:10:00+00:00"", ""2017-04-22 01:40:00+00:00"", ""2017-09-26 01:40:00+00:00"", ""2017-07-25 01:40:00+00:00"", ""2017-08-26 01:40:00+00:00"", ""2017-08-27 00:10:00+00:00"", ""2017-09-24 20:10:00+00:00"", ""2017-08-13 00:10:00+00:00"", ""2017-05-14 20:10:00+00:00"", ""2017-04-23 00:10:00+00:00"", ""2017-04-06 01:40:00+00:00"", ""2017-08-09 01:40:00+00:00"", ""2017-08-30 01:40:00+00:00"", ""2017-04-02 20:10:00+00:00"", ""2017-04-07 01:40:00+00:00"", ""2017-08-12 01:40:00+00:00"", ""2017-05-14 00:10:00+00:00"", ""2017-04-05 01:40:00+00:00"", ""2017-08-10 01:40:00+00:00"", ""2017-08-31 01:40:00+00:00"", ""2017-09-23 01:40:00+00:00"", ""2017-07-09 20:10:00+00:00"", ""2017-07-23 20:10:00+00:00"", ""2017-09-09 01:40:00+00:00"", ""2017-04-25 01:40:00+00:00"", ""2017-04-28 01:40:00+00:00"", ""2017-04-26 01:40:00+00:00"", ""2017-09-10 20:10:00+00:00"", ""2017-09-10 00:10:00+00:00"", ""2017-04-27 01:40:00+00:00"", ""2017-06-08 01:40:00+00:00"", ""2017-06-29 19:40:00+00:00"", ""2017-06-29 01:40:00+00:00"", ""2017-03-31 01:40:00+00:00"", ""2017-04-09 20:10:00+00:00"", ""2017-04-01 01:40:00+00:00"", ""2017-04-08 01:40:00+00:00"", ""2017-04-09 00:10:00+00:00"", ""2017-07-01 01:40:00+00:00"", ""2017-05-16 01:40:00+00:00"", ""2017-06-08 19:40:00+00:00"", ""2017-07-02 02:10:00+00:00"", ""2017-06-10 01:40:00+00:00"", ""2017-06-07 01:40:00+00:00"", ""2017-06-25 20:10:00+00:00"", ""2017-05-13 01:40:00+00:00"", ""2017-05-23 01:40:00+00:00"", ""2017-05-12 01:40:00+00:00"", ""2017-07-08 01:40:00+00:00"", ""2017-07-02 20:10:00+00:00"", ""2017-05-17 01:40:00+00:00"", ""2017-06-11 02:10:00+00:00"", ""2017-04-30 20:10:00+00:00"", ""2017-06-25 02:10:00+00:00"", ""2017-05-24 01:40:00+00:00"", ""2017-05-24 19:40:00+00:00"", ""2017-06-26 19:40:00+00:00"", ""2017-05-17 19:40:00+00:00"", ""2017-06-28 01:40:00+00:00"", ""2017-05-10 01:40:00+00:00""]",00-30,,mlb
San Diego Padres,81,"[9717103, 9717162, 9717104, 9717119, 9717115, 9717117, 9717084, 9717082, 9717083, 9717165, 9717163, 9717105, 9717164, 9717123, 9717134, 9717145, 9717057, 9717060, 9717101, 9717135, 9717146, 9717160, 9717050, 9717102, 9717113, 9717121, 9717129, 9717132, 9717154, 9717141, 9717088, 9717127, 9717130, 9717122, 9717133, 9717144, 9717089, 9717100, 9717111, 9717128, 9717131, 9717153, 9717125, 9717161, 9717098, 9717055, 9717099, 9717149, 9717152, 9717053, 9717097, 9717142, 9717136, 9717120, 9717147, 9717150, 9717054, 9717090, 9717051, 9717114, 9717140, 9717126, 9717148, 9717159, 9717049, 9717052, 9717137, 9717138, 9717109, 9717094, 9717095, 9717096, 9717107, 9717106, 9717091, 9717092, 9717158, 9717155, 9717156, 9717157, 9717093]","[""2017-06-03 02:10:00+00:00"", ""2017-09-22 02:10:00+00:00"", ""2017-06-03 20:00:00+00:00"", ""2017-06-25 20:40:00+00:00"", ""2017-06-24 02:10:00+00:00"", ""2017-06-25 02:10:00+00:00"", ""2017-05-04 19:40:00+00:00"", ""2017-05-03 02:10:00+00:00"", ""2017-05-04 02:10:00+00:00"", ""2017-09-24 20:40:00+00:00"", ""2017-09-23 02:10:00+00:00"", ""2017-06-04 20:40:00+00:00"", ""2017-09-24 00:40:00+00:00"", ""2017-07-01 02:10:00+00:00"", ""2017-07-29 02:10:00+00:00"", ""2017-08-19 02:10:00+00:00"", ""2017-04-23 00:40:00+00:00"", ""2017-04-23 20:40:00+00:00"", ""2017-05-31 02:10:00+00:00"", ""2017-07-30 00:40:00+00:00"", ""2017-08-20 00:40:00+00:00"", ""2017-09-20 02:10:00+00:00"", ""2017-04-09 00:40:00+00:00"", ""2017-05-31 20:00:00+00:00"", ""2017-06-14 02:10:00+00:00"", ""2017-06-29 02:10:00+00:00"", ""2017-07-16 20:40:00+00:00"", ""2017-07-27 02:10:00+00:00"", ""2017-09-03 20:40:00+00:00"", ""2017-08-16 02:10:00+00:00"", ""2017-05-06 02:10:00+00:00"", ""2017-07-15 02:10:00+00:00"", ""2017-07-25 02:10:00+00:00"", ""2017-06-30 01:10:00+00:00"", ""2017-07-28 01:10:00+00:00"", ""2017-08-18 02:10:00+00:00"", ""2017-05-07 00:40:00+00:00"", ""2017-05-29 20:40:00+00:00"", ""2017-06-13 02:10:00+00:00"", ""2017-07-16 00:40:00+00:00"", ""2017-07-26 02:10:00+00:00"", ""2017-09-03 00:40:00+00:00"", ""2017-07-02 02:10:00+00:00"", ""2017-09-21 01:10:00+00:00"", ""2017-05-21 02:10:00+00:00"", ""2017-04-22 02:10:00+00:00"", ""2017-05-21 20:40:00+00:00"", ""2017-08-30 02:10:00+00:00"", ""2017-09-02 02:10:00+00:00"", ""2017-04-20 02:10:00+00:00"", ""2017-05-20 02:10:00+00:00"", ""2017-08-16 19:40:00+00:00"", ""2017-07-30 20:40:00+00:00"", ""2017-06-28 02:10:00+00:00"", ""2017-08-20 20:40:00+00:00"", ""2017-08-31 01:10:00+00:00"", ""2017-04-21 01:10:00+00:00"", ""2017-05-07 20:40:00+00:00"", ""2017-04-09 20:40:00+00:00"", ""2017-06-14 19:40:00+00:00"", ""2017-08-15 02:10:00+00:00"", ""2017-07-02 20:40:00+00:00"", ""2017-08-29 02:10:00+00:00"", ""2017-09-19 02:10:00+00:00"", ""2017-04-07 22:40:00+00:00"", ""2017-04-19 02:10:00+00:00"", ""2017-08-02 02:10:00+00:00"", ""2017-08-02 19:40:00+00:00"", ""2017-06-11 20:40:00+00:00"", ""2017-05-17 02:10:00+00:00"", ""2017-05-18 02:10:00+00:00"", ""2017-05-18 20:00:00+00:00"", ""2017-06-10 20:00:00+00:00"", ""2017-06-10 02:10:00+00:00"", ""2017-05-09 02:40:00+00:00"", ""2017-05-09 20:00:00+00:00"", ""2017-09-08 01:10:00+00:00"", ""2017-09-04 20:40:00+00:00"", ""2017-09-06 02:10:00+00:00"", ""2017-09-07 02:10:00+00:00"", ""2017-05-16 02:10:00+00:00""]",00-40,,mlb
Toronto Blue Jays,81,"[9715628, 9715631, 9715596, 9715549, 9715629, 9715632, 9715676, 9715594, 9715624, 9715635, 9715668, 9715671, 9715679, 9715595, 9715669, 9715633, 9715680, 9715626, 9715673, 9715486, 9715667, 9715670, 9715674, 9715622, 9715592, 9715581, 9715593, 9715582, 9715587, 9715588, 9715591, 9715586, 9715584, 9715589, 9715651, 9715653, 9715652, 9715603, 9715605, 9715598, 9715470, 9715462, 9715464, 9715608, 9715611, 9715619, 9715612, 9715614, 9715610, 9715662, 9715617, 9715620, 9715616, 9715570, 9715568, 9715571, 9715569, 9715465, 9715466, 9715471, 9715469, 9715663, 9715657, 9715559, 9715556, 9715482, 9715483, 9715480, 9715484, 9715637, 9715641, 9715639, 9715654, 9715655, 9715656, 9715648, 9715646, 9715647, 9715565, 9715564, 9715562]","[""2017-06-30 23:07:00+00:00"", ""2017-07-02 17:07:00+00:00"", ""2017-08-13 17:07:00+00:00"", ""2017-05-16 20:07:00+00:00"", ""2017-07-01 17:07:00+00:00"", ""2017-08-28 23:07:00+00:00"", ""2017-09-22 23:07:00+00:00"", ""2017-08-11 23:07:00+00:00"", ""2017-04-19 23:07:00+00:00"", ""2017-08-30 23:07:00+00:00"", ""2017-06-02 23:07:00+00:00"", ""2017-08-08 23:07:00+00:00"", ""2017-09-23 17:07:00+00:00"", ""2017-08-12 17:07:00+00:00"", ""2017-06-03 17:07:00+00:00"", ""2017-08-29 23:07:00+00:00"", ""2017-09-24 17:07:00+00:00"", ""2017-04-20 16:37:00+00:00"", ""2017-08-09 23:07:00+00:00"", ""2017-05-15 23:07:00+00:00"", ""2017-06-01 23:07:00+00:00"", ""2017-06-04 17:07:00+00:00"", ""2017-08-10 23:07:00+00:00"", ""2017-04-18 23:07:00+00:00"", ""2017-09-12 23:07:00+00:00"", ""2017-04-13 23:07:00+00:00"", ""2017-09-13 23:07:00+00:00"", ""2017-04-14 23:07:00+00:00"", ""2017-06-27 23:07:00+00:00"", ""2017-06-28 23:07:00+00:00"", ""2017-09-11 23:07:00+00:00"", ""2017-04-16 17:07:00+00:00"", ""2017-04-15 17:07:00+00:00"", ""2017-06-29 23:07:00+00:00"", ""2017-09-08 23:07:00+00:00"", ""2017-09-10 17:07:00+00:00"", ""2017-09-09 17:07:00+00:00"", ""2017-05-27 17:07:00+00:00"", ""2017-05-28 17:07:00+00:00"", ""2017-05-26 23:07:00+00:00"", ""2017-07-08 17:07:00+00:00"", ""2017-07-28 23:07:00+00:00"", ""2017-07-29 17:07:00+00:00"", ""2017-04-28 23:07:00+00:00"", ""2017-04-30 17:07:00+00:00"", ""2017-08-16 23:07:00+00:00"", ""2017-06-13 23:07:00+00:00"", ""2017-06-14 23:07:00+00:00"", ""2017-04-29 17:07:00+00:00"", ""2017-06-17 17:07:00+00:00"", ""2017-08-14 23:07:00+00:00"", ""2017-08-17 20:07:00+00:00"", ""2017-08-15 23:07:00+00:00"", ""2017-05-13 17:07:00+00:00"", ""2017-05-11 23:07:00+00:00"", ""2017-05-14 17:07:00+00:00"", ""2017-05-12 23:07:00+00:00"", ""2017-07-30 17:07:00+00:00"", ""2017-07-06 23:07:00+00:00"", ""2017-07-09 17:07:00+00:00"", ""2017-07-07 23:07:00+00:00"", ""2017-06-18 17:07:00+00:00"", ""2017-06-16 23:07:00+00:00"", ""2017-04-12 23:07:00+00:00"", ""2017-04-11 23:07:00+00:00"", ""2017-07-25 23:07:00+00:00"", ""2017-07-26 23:07:00+00:00"", ""2017-07-24 23:07:00+00:00"", ""2017-07-27 16:37:00+00:00"", ""2017-05-29 23:07:00+00:00"", ""2017-05-31 16:37:00+00:00"", ""2017-05-30 23:07:00+00:00"", ""2017-08-25 23:07:00+00:00"", ""2017-08-26 17:07:00+00:00"", ""2017-08-27 17:07:00+00:00"", ""2017-09-21 23:07:00+00:00"", ""2017-09-19 23:07:00+00:00"", ""2017-09-20 23:07:00+00:00"", ""2017-05-10 23:07:00+00:00"", ""2017-05-09 23:07:00+00:00"", ""2017-05-08 23:07:00+00:00""]",00-50,,mlb
Chicago Cubs,81,"[9722542, 9722553, 9722597, 9723599, 9722576, 9722620, 9723535, 9723519, 9722480, 9723602, 9722541, 9722585, 9723604, 9722965, 9722957, 9722968, 9722971, 9723408, 9723006, 9723523, 9723589, 9722582, 9722601, 9723503, 9722986, 9722558, 9722613, 9723348, 9723463, 9722523, 9722495, 9723515, 9723425, 9723447, 9723509, 9722981, 9722506, 9722520, 9723591, 9723480, 9723537, 9723401, 9723530, 9723526, 9729557, 9723359, 9722482, 9722493, 9722466, 9723512, 9722490, 9723412, 9722536, 9723496, 9723457, 9723409, 9722617, 9723445, 9722543, 9723470, 9723478, 9722530, 9723465, 9722486, 9723464, 9723475, 9723505, 9723002, 9722573, 9729558, 9722515, 9723453, 9722985, 9723000, 9722560, 9722592, 9722568, 9723507, 9723499, 9723541, 9722598]","[""2017-09-09 20:05:00+00:00"", ""2017-06-02 18:20:00+00:00"", ""2017-08-02 00:05:00+00:00"", ""2017-05-05 18:20:00+00:00"", ""2017-07-22 20:05:00+00:00"", ""2017-04-13 18:20:00+00:00"", ""2017-06-09 00:05:00+00:00"", ""2017-08-17 18:20:00+00:00"", ""2017-08-19 18:20:00+00:00"", ""2017-05-06 23:15:00+00:00"", ""2017-05-21 18:20:00+00:00"", ""2017-09-16 17:05:00+00:00"", ""2017-05-08 00:05:00+00:00"", ""2017-05-24 00:05:00+00:00"", ""2017-05-23 00:05:00+00:00"", ""2017-05-25 00:05:00+00:00"", ""2017-05-25 18:20:00+00:00"", ""2017-06-20 00:05:00+00:00"", ""2017-09-15 00:05:00+00:00"", ""2017-09-29 18:20:00+00:00"", ""2017-07-24 18:20:00+00:00"", ""2017-07-24 00:05:00+00:00"", ""2017-08-03 18:20:00+00:00"", ""2017-05-17 00:05:00+00:00"", ""2017-06-08 00:05:00+00:00"", ""2017-07-21 18:20:00+00:00"", ""2017-04-11 00:05:00+00:00"", ""2017-08-04 18:20:00+00:00"", ""2017-08-29 00:05:00+00:00"", ""2017-05-19 18:20:00+00:00"", ""2017-09-03 18:00:00+00:00"", ""2017-08-17 00:05:00+00:00"", ""2017-05-02 00:05:00+00:00"", ""2017-05-04 00:05:00+00:00"", ""2017-08-15 00:05:00+00:00"", ""2017-06-06 00:05:00+00:00"", ""2017-04-18 00:05:00+00:00"", ""2017-04-19 18:20:00+00:00"", ""2017-07-25 18:20:00+00:00"", ""2017-07-09 17:10:00+00:00"", ""2017-06-09 18:20:00+00:00"", ""2017-08-06 18:00:00+00:00"", ""2017-09-30 20:05:00+00:00"", ""2017-10-01 19:20:00+00:00"", ""2017-06-11 18:20:00+00:00"", ""2017-08-05 18:20:00+00:00"", ""2017-08-20 18:20:00+00:00"", ""2017-09-02 18:20:00+00:00"", ""2017-08-18 18:20:00+00:00"", ""2017-08-16 00:05:00+00:00"", ""2017-09-01 18:20:00+00:00"", ""2017-06-21 18:20:00+00:00"", ""2017-05-20 18:20:00+00:00"", ""2017-07-04 18:20:00+00:00"", ""2017-07-07 18:20:00+00:00"", ""2017-06-21 00:05:00+00:00"", ""2017-04-13 00:05:00+00:00"", ""2017-05-03 00:05:00+00:00"", ""2017-09-10 18:20:00+00:00"", ""2017-04-15 18:20:00+00:00"", ""2017-07-08 23:15:00+00:00"", ""2017-09-08 18:20:00+00:00"", ""2017-08-31 00:05:00+00:00"", ""2017-09-01 00:05:00+00:00"", ""2017-08-30 00:05:00+00:00"", ""2017-04-16 18:20:00+00:00"", ""2017-05-18 00:05:00+00:00"", ""2017-09-14 00:05:00+00:00"", ""2017-06-04 23:35:00+00:00"", ""2017-05-04 18:20:00+00:00"", ""2017-04-19 00:05:00+00:00"", ""2017-04-14 18:20:00+00:00"", ""2017-06-07 00:05:00+00:00"", ""2017-09-13 00:05:00+00:00"", ""2017-09-15 18:20:00+00:00"", ""2017-09-17 18:00:00+00:00"", ""2017-06-03 18:20:00+00:00"", ""2017-05-18 18:20:00+00:00"", ""2017-07-05 18:20:00+00:00"", ""2017-06-10 18:20:00+00:00"", ""2017-08-03 00:05:00+00:00""]",01-00,,mlb
Colorado Rockies,81,"[9715736, 9715747, 9715750, 9715758, 9715712, 9715684, 9715695, 9715756, 9715660, 9715701, 9715709, 9715726, 9715751, 9715724, 9715735, 9715746, 9715696, 9715704, 9715658, 9715694, 9715659, 9715723, 9715745, 9715703, 9715682, 9715693, 9715748, 9715713, 9715759, 9715757, 9715760, 9715685, 9715661, 9715702, 9715718, 9715721, 9715729, 9715732, 9715743, 9715754, 9715688, 9715691, 9715699, 9715707, 9715710, 9715719, 9715722, 9715744, 9715755, 9715681, 9715689, 9715692, 9715700, 9715708, 9715711, 9715727, 9715730, 9715738, 9715741, 9715749, 9715752, 9715686, 9715697, 9715705, 9715717, 9715720, 9715739, 9715742, 9715753, 9715687, 9715690, 9715698, 9715706, 9715675, 9715678, 9715672, 9715666, 9715664, 9715665, 9715716, 9715714]","[""2017-04-12 19:10:00+00:00"", ""2017-08-06 19:10:00+00:00"", ""2017-07-23 19:10:00+00:00"", ""2017-07-08 00:40:00+00:00"", ""2017-09-06 00:40:00+00:00"", ""2017-05-10 19:10:00+00:00"", ""2017-04-09 00:10:00+00:00"", ""2017-08-30 00:40:00+00:00"", ""2017-08-17 00:40:00+00:00"", ""2017-09-30 00:10:00+00:00"", ""2017-06-17 19:10:00+00:00"", ""2017-04-25 00:40:00+00:00"", ""2017-07-04 00:10:00+00:00"", ""2017-08-03 19:10:00+00:00"", ""2017-04-12 00:40:00+00:00"", ""2017-08-06 00:10:00+00:00"", ""2017-04-09 19:10:00+00:00"", ""2017-04-22 00:40:00+00:00"", ""2017-08-15 00:40:00+00:00"", ""2017-04-07 20:10:00+00:00"", ""2017-08-16 00:40:00+00:00"", ""2017-08-03 00:40:00+00:00"", ""2017-08-05 00:40:00+00:00"", ""2017-10-01 19:10:00+00:00"", ""2017-05-10 00:40:00+00:00"", ""2017-09-03 19:10:00+00:00"", ""2017-07-22 00:40:00+00:00"", ""2017-09-07 00:40:00+00:00"", ""2017-07-09 19:10:00+00:00"", ""2017-08-30 19:10:00+00:00"", ""2017-07-09 01:10:00+00:00"", ""2017-05-06 00:40:00+00:00"", ""2017-08-17 19:10:00+00:00"", ""2017-10-01 00:10:00+00:00"", ""2017-05-30 23:10:00+00:00"", ""2017-09-27 19:10:00+00:00"", ""2017-04-27 00:40:00+00:00"", ""2017-04-11 00:40:00+00:00"", ""2017-09-17 00:10:00+00:00"", ""2017-07-06 19:10:00+00:00"", ""2017-06-21 00:40:00+00:00"", ""2017-09-02 00:40:00+00:00"", ""2017-05-14 00:10:00+00:00"", ""2017-06-16 00:40:00+00:00"", ""2017-06-18 19:10:00+00:00"", ""2017-09-26 00:40:00+00:00"", ""2017-08-02 00:40:00+00:00"", ""2017-09-17 19:10:00+00:00"", ""2017-08-29 00:40:00+00:00"", ""2017-05-09 00:40:00+00:00"", ""2017-06-22 00:40:00+00:00"", ""2017-09-03 00:10:00+00:00"", ""2017-05-14 19:10:00+00:00"", ""2017-06-17 00:40:00+00:00"", ""2017-09-04 19:10:00+00:00"", ""2017-04-26 00:40:00+00:00"", ""2017-04-27 19:10:00+00:00"", ""2017-07-18 00:40:00+00:00"", ""2017-07-19 19:10:00+00:00"", ""2017-07-23 00:10:00+00:00"", ""2017-07-05 00:10:00+00:00"", ""2017-05-07 00:10:00+00:00"", ""2017-05-12 00:40:00+00:00"", ""2017-04-23 00:10:00+00:00"", ""2017-05-29 19:10:00+00:00"", ""2017-09-27 00:40:00+00:00"", ""2017-07-19 00:40:00+00:00"", ""2017-09-16 00:40:00+00:00"", ""2017-07-06 00:40:00+00:00"", ""2017-05-07 19:10:00+00:00"", ""2017-06-22 19:10:00+00:00"", ""2017-05-13 00:40:00+00:00"", ""2017-04-23 19:10:00+00:00"", ""2017-05-28 01:10:00+00:00"", ""2017-05-28 19:10:00+00:00"", ""2017-05-27 00:40:00+00:00"", ""2017-08-20 19:10:00+00:00"", ""2017-08-19 00:40:00+00:00"", ""2017-08-20 00:10:00+00:00"", ""2017-06-07 19:10:00+00:00"", ""2017-06-07 00:40:00+00:00""]",01-10,,mlb
Houston Astros,83,"[9708525, 9708524, 9708548, 9708573, 9741446, 9708575, 9741448, 9708531, 9708586, 9708554, 9708565, 9708510, 9708529, 9708532, 9708587, 9708544, 9708555, 9708566, 9708570, 9708581, 9708501, 9708578, 9708547, 9708572, 9708563, 9708574, 9708530, 9708541, 9708545, 9708556, 9708492, 9708500, 9708508, 9708511, 9708493, 9708512, 9708571, 9708494, 9708502, 9708513, 9708557, 9708560, 9708558, 9708518, 9708519, 9708517, 9708520, 9708584, 9708583, 9708582, 9708497, 9708516, 9708498, 9708495, 9708503, 9708486, 9708561, 9708552, 9708585, 9708576, 9708528, 9708539, 9708515, 9708537, 9708580, 9708567, 9708546, 9708568, 9708579, 9708509, 9708514, 9708536, 9708569, 9708551, 9708577, 9708505, 9708506, 9708496, 9708553, 9708559, 9708562, 9708522, 9708533]","[""2017-05-28 18:10:00+00:00"", ""2017-05-27 23:15:00+00:00"", ""2017-07-02 18:10:00+00:00"", ""2017-08-30 00:10:00+00:00"", ""2017-03-31 00:10:00+00:00"", ""2017-09-01 00:10:00+00:00"", ""2017-03-31 18:10:00+00:00"", ""2017-06-13 00:10:00+00:00"", ""2017-09-23 23:10:00+00:00"", ""2017-07-18 00:10:00+00:00"", ""2017-08-17 00:10:00+00:00"", ""2017-05-04 00:10:00+00:00"", ""2017-06-10 20:10:00+00:00"", ""2017-06-14 00:10:00+00:00"", ""2017-09-24 18:10:00+00:00"", ""2017-06-29 00:10:00+00:00"", ""2017-07-19 00:10:00+00:00"", ""2017-08-17 18:10:00+00:00"", ""2017-08-23 00:10:00+00:00"", ""2017-09-17 18:10:00+00:00"", ""2017-04-20 00:10:00+00:00"", ""2017-09-03 18:10:00+00:00"", ""2017-07-01 23:15:00+00:00"", ""2017-08-25 00:10:00+00:00"", ""2017-08-06 18:10:00+00:00"", ""2017-08-31 00:10:00+00:00"", ""2017-06-11 18:10:00+00:00"", ""2017-06-28 00:10:00+00:00"", ""2017-06-29 18:10:00+00:00"", ""2017-07-19 18:10:00+00:00"", ""2017-04-05 00:10:00+00:00"", ""2017-04-19 00:10:00+00:00"", ""2017-05-02 00:10:00+00:00"", ""2017-05-04 18:10:00+00:00"", ""2017-04-06 00:10:00+00:00"", ""2017-05-10 00:10:00+00:00"", ""2017-08-24 00:10:00+00:00"", ""2017-04-07 00:10:00+00:00"", ""2017-04-20 18:10:00+00:00"", ""2017-05-10 18:10:00+00:00"", ""2017-08-01 00:10:00+00:00"", ""2017-08-04 00:10:00+00:00"", ""2017-08-02 00:10:00+00:00"", ""2017-05-24 00:10:00+00:00"", ""2017-05-25 00:10:00+00:00"", ""2017-05-23 00:10:00+00:00"", ""2017-05-26 00:10:00+00:00"", ""2017-09-22 00:10:00+00:00"", ""2017-09-21 00:10:00+00:00"", ""2017-09-20 00:10:00+00:00"", ""2017-04-09 18:10:00+00:00"", ""2017-05-21 18:10:00+00:00"", ""2017-04-18 00:10:00+00:00"", ""2017-04-08 00:10:00+00:00"", ""2017-04-29 00:10:00+00:00"", ""2017-04-04 00:10:00+00:00"", ""2017-08-05 00:10:00+00:00"", ""2017-07-15 23:10:00+00:00"", ""2017-09-23 00:10:00+00:00"", ""2017-09-02 00:10:00+00:00"", ""2017-06-10 00:10:00+00:00"", ""2017-06-18 18:10:00+00:00"", ""2017-05-20 20:10:00+00:00"", ""2017-06-18 00:15:00+00:00"", ""2017-09-16 23:10:00+00:00"", ""2017-08-19 00:10:00+00:00"", ""2017-07-01 00:10:00+00:00"", ""2017-08-19 23:10:00+00:00"", ""2017-09-16 00:10:00+00:00"", ""2017-05-03 00:10:00+00:00"", ""2017-05-20 00:10:00+00:00"", ""2017-06-17 00:10:00+00:00"", ""2017-08-20 18:10:00+00:00"", ""2017-07-15 00:10:00+00:00"", ""2017-09-02 23:10:00+00:00"", ""2017-04-29 23:10:00+00:00"", ""2017-04-30 18:10:00+00:00"", ""2017-04-08 23:10:00+00:00"", ""2017-07-16 18:10:00+00:00"", ""2017-08-03 00:10:00+00:00"", ""2017-08-05 23:10:00+00:00"", ""2017-05-27 00:10:00+00:00"", ""2017-06-15 00:10:00+00:00""]",01-20,,mlb
Milwaukee Brewers,83,"[9715609, 9715634, 9715645, 9715650, 9715504, 9715557, 9715638, 9715649, 9715507, 9715532, 9715585, 9715604, 9715499, 9715521, 9715527, 9715529, 9715496, 9715513, 9715495, 9715503, 9715514, 9715583, 9715643, 9715508, 9715511, 9715580, 9715519, 9715601, 9715515, 9715602, 9715613, 9821743, 9821744, 9715642, 9715625, 9715540, 9715573, 9715600, 9715644, 9715525, 9715547, 9715572, 9715493, 9715501, 9715509, 9715512, 9715599, 9715607, 9715618, 9715621, 9715492, 9715544, 9715566, 9715522, 9715489, 9715577, 9715623, 9715494, 9715490, 9715498, 9715517, 9715630, 9715640, 9715491, 9715497, 9715553, 9715538, 9715574, 9715516, 9715534, 9715578, 9715636, 9715526, 9715551, 9715546, 9715579, 9715597, 9715627, 9715606, 9715615, 9715506, 9715530, 9715541]","[""2017-09-14 00:10:00+00:00"", ""2017-08-13 18:10:00+00:00"", ""2017-04-06 17:40:00+00:00"", ""2017-08-11 00:10:00+00:00"", ""2017-08-30 18:10:00+00:00"", ""2017-09-02 23:10:00+00:00"", ""2017-09-28 00:10:00+00:00"", ""2017-08-10 00:10:00+00:00"", ""2017-04-08 23:10:00+00:00"", ""2017-06-08 00:10:00+00:00"", ""2017-07-16 18:10:00+00:00"", ""2017-08-16 18:10:00+00:00"", ""2017-08-03 00:10:00+00:00"", ""2017-05-27 20:10:00+00:00"", ""2017-06-04 18:10:00+00:00"", ""2017-06-05 23:40:00+00:00"", ""2017-04-22 23:10:00+00:00"", ""2017-09-22 00:10:00+00:00"", ""2017-04-22 00:10:00+00:00"", ""2017-08-29 23:40:00+00:00"", ""2017-09-23 00:10:00+00:00"", ""2017-07-15 23:10:00+00:00"", ""2017-04-04 23:40:00+00:00"", ""2017-04-09 18:10:00+00:00"", ""2017-07-29 23:10:00+00:00"", ""2017-07-15 00:10:00+00:00"", ""2017-05-27 00:10:00+00:00"", ""2017-06-22 18:10:00+00:00"", ""2017-09-23 23:10:00+00:00"", ""2017-08-15 23:40:00+00:00"", ""2017-05-09 23:40:00+00:00"", ""2017-04-01 18:10:00+00:00"", ""2017-04-01 00:10:00+00:00"", ""2017-04-03 18:10:00+00:00"", ""2017-04-26 17:40:00+00:00"", ""2017-07-01 20:10:00+00:00"", ""2017-07-04 20:10:00+00:00"", ""2017-06-22 00:10:00+00:00"", ""2017-04-06 00:10:00+00:00"", ""2017-06-03 00:10:00+00:00"", ""2017-05-14 18:10:00+00:00"", ""2017-07-03 18:10:00+00:00"", ""2017-04-30 18:10:00+00:00"", ""2017-08-03 18:10:00+00:00"", ""2017-07-29 00:10:00+00:00"", ""2017-07-30 18:10:00+00:00"", ""2017-06-20 23:40:00+00:00"", ""2017-09-12 23:40:00+00:00"", ""2017-05-11 17:10:00+00:00"", ""2017-04-24 23:40:00+00:00"", ""2017-04-29 23:10:00+00:00"", ""2017-05-13 00:10:00+00:00"", ""2017-09-03 18:10:00+00:00"", ""2017-05-28 18:10:00+00:00"", ""2017-05-23 23:40:00+00:00"", ""2017-06-17 00:10:00+00:00"", ""2017-04-25 23:40:00+00:00"", ""2017-04-21 00:10:00+00:00"", ""2017-05-24 17:10:00+00:00"", ""2017-08-01 23:40:00+00:00"", ""2017-05-26 00:10:00+00:00"", ""2017-08-12 23:10:00+00:00"", ""2017-09-29 00:10:00+00:00"", ""2017-04-29 00:10:00+00:00"", ""2017-04-23 18:10:00+00:00"", ""2017-09-02 00:10:00+00:00"", ""2017-07-01 00:10:00+00:00"", ""2017-07-06 00:10:00+00:00"", ""2017-09-24 18:10:00+00:00"", ""2017-06-08 18:10:00+00:00"", ""2017-06-17 20:10:00+00:00"", ""2017-09-26 23:40:00+00:00"", ""2017-06-03 20:10:00+00:00"", ""2017-09-01 00:10:00+00:00"", ""2017-05-13 23:10:00+00:00"", ""2017-06-18 18:10:00+00:00"", ""2017-06-19 23:40:00+00:00"", ""2017-08-12 00:10:00+00:00"", ""2017-09-11 23:40:00+00:00"", ""2017-05-11 00:10:00+00:00"", ""2017-04-08 00:10:00+00:00"", ""2017-06-06 23:40:00+00:00"", ""2017-07-02 18:10:00+00:00""]",01-30,,mlb
Cleveland Indians,81,"[9708146, 9708234, 9708206, 9708135, 9708157, 9708239, 9708154, 9708138, 9708141, 9708152, 9708166, 9708177, 9708180, 9708188, 9708191, 9708186, 9708197, 9708216, 9708172, 9708139, 9708142, 9708153, 9708136, 9708158, 9708162, 9708173, 9708184, 9708214, 9708148, 9708151, 9708236, 9708137, 9708140, 9708159, 9708161, 9708169, 9708183, 9708194, 9708147, 9708150, 9708224, 9708167, 9708170, 9708178, 9708181, 9708189, 9708192, 9708200, 9708222, 9708145, 9708156, 9708134, 9708160, 9708168, 9708171, 9708179, 9708182, 9708209, 9708212, 9708176, 9708187, 9708190, 9708198, 9708220, 9708231, 9708163, 9708174, 9708185, 9708196, 9708149, 9708226, 9708143, 9708164, 9708175, 9708199, 9708207, 9708229, 9708144, 9708227, 9708155, 9708202]","[""2017-05-12 23:10:00+00:00"", ""2017-09-29 23:10:00+00:00"", ""2017-09-08 23:10:00+00:00"", ""2017-04-12 22:10:00+00:00"", ""2017-05-29 20:10:00+00:00"", ""2017-10-01 19:10:00+00:00"", ""2017-05-26 23:10:00+00:00"", ""2017-04-15 20:10:00+00:00"", ""2017-04-26 22:10:00+00:00"", ""2017-05-24 22:10:00+00:00"", ""2017-06-14 23:10:00+00:00"", ""2017-07-06 23:10:00+00:00"", ""2017-07-10 00:05:00+00:00"", ""2017-08-04 23:10:00+00:00"", ""2017-08-08 23:10:00+00:00"", ""2017-07-27 16:10:00+00:00"", ""2017-08-23 23:10:00+00:00"", ""2017-09-13 16:10:00+00:00"", ""2017-06-27 23:10:00+00:00"", ""2017-04-16 17:10:00+00:00"", ""2017-04-27 22:10:00+00:00"", ""2017-05-25 22:10:00+00:00"", ""2017-04-13 22:10:00+00:00"", ""2017-05-30 22:10:00+00:00"", ""2017-06-10 23:15:00+00:00"", ""2017-06-28 23:10:00+00:00"", ""2017-07-25 23:10:00+00:00"", ""2017-09-12 23:10:00+00:00"", ""2017-05-14 17:10:00+00:00"", ""2017-05-17 16:10:00+00:00"", ""2017-09-30 23:10:00+00:00"", ""2017-04-14 23:10:00+00:00"", ""2017-04-25 22:10:00+00:00"", ""2017-05-31 22:10:00+00:00"", ""2017-06-09 23:10:00+00:00"", ""2017-06-24 20:10:00+00:00"", ""2017-07-23 17:10:00+00:00"", ""2017-08-21 23:10:00+00:00"", ""2017-05-13 20:10:00+00:00"", ""2017-05-16 22:10:00+00:00"", ""2017-09-16 20:10:00+00:00"", ""2017-06-15 16:10:00+00:00"", ""2017-06-25 17:10:00+00:00"", ""2017-07-07 23:10:00+00:00"", ""2017-07-21 23:10:00+00:00"", ""2017-08-05 23:10:00+00:00"", ""2017-08-09 16:10:00+00:00"", ""2017-08-26 23:15:00+00:00"", ""2017-09-15 23:10:00+00:00"", ""2017-04-30 17:10:00+00:00"", ""2017-05-28 17:10:00+00:00"", ""2017-04-11 20:00:00+00:00"", ""2017-06-01 16:10:00+00:00"", ""2017-06-23 23:10:00+00:00"", ""2017-06-26 23:10:00+00:00"", ""2017-07-08 23:15:00+00:00"", ""2017-07-22 23:10:00+00:00"", ""2017-09-10 17:10:00+00:00"", ""2017-09-11 23:10:00+00:00"", ""2017-07-05 23:10:00+00:00"", ""2017-08-03 23:10:00+00:00"", ""2017-08-06 17:10:00+00:00"", ""2017-08-24 23:10:00+00:00"", ""2017-09-14 23:10:00+00:00"", ""2017-09-28 16:10:00+00:00"", ""2017-06-11 17:10:00+00:00"", ""2017-06-29 16:10:00+00:00"", ""2017-07-26 23:10:00+00:00"", ""2017-08-22 23:10:00+00:00"", ""2017-05-15 22:10:00+00:00"", ""2017-09-17 17:10:00+00:00"", ""2017-04-28 23:10:00+00:00"", ""2017-06-13 23:10:00+00:00"", ""2017-07-04 23:10:00+00:00"", ""2017-08-25 23:10:00+00:00"", ""2017-09-09 17:05:00+00:00"", ""2017-09-27 23:10:00+00:00"", ""2017-04-29 20:10:00+00:00"", ""2017-09-26 23:10:00+00:00"", ""2017-05-27 20:10:00+00:00"", ""2017-08-27 17:10:00+00:00""]",01-40,,mlb
Kansas City Royals,81,"[9708279, 9708312, 9708308, 9708309, 9708255, 9708262, 9708273, 9708284, 9708295, 9708303, 9708314, 9708325, 9708288, 9708299, 9708307, 9708321, 9708274, 9708285, 9708304, 9708326, 9708257, 9708260, 9708271, 9708282, 9708293, 9708301, 9708323, 9708258, 9708261, 9708269, 9708272, 9708283, 9708294, 9708302, 9708313, 9708324, 9708251, 9708277, 9708252, 9708291, 9708318, 9708329, 9708296, 9708315, 9708256, 9708270, 9708281, 9708289, 9708292, 9708300, 9708319, 9708322, 9708253, 9708264, 9708275, 9708286, 9708297, 9708305, 9708316, 9708327, 9708330, 9708254, 9708265, 9708276, 9708287, 9708290, 9708298, 9708306, 9708317, 9708320, 9708328, 9708331, 9708266, 9708280, 9708310, 9708267, 9708278, 9708311, 9708268, 9708263, 9708259]","[""2017-06-03 18:15:00+00:00"", ""2017-08-20 18:15:00+00:00"", ""2017-08-08 00:15:00+00:00"", ""2017-08-09 00:15:00+00:00"", ""2017-04-15 23:15:00+00:00"", ""2017-05-02 00:15:00+00:00"", ""2017-05-18 00:15:00+00:00"", ""2017-06-09 00:15:00+00:00"", ""2017-07-15 23:15:00+00:00"", ""2017-07-23 18:15:00+00:00"", ""2017-08-24 00:15:00+00:00"", ""2017-09-13 18:15:00+00:00"", ""2017-06-24 00:15:00+00:00"", ""2017-07-20 00:15:00+00:00"", ""2017-08-06 18:15:00+00:00"", ""2017-09-09 23:15:00+00:00"", ""2017-05-19 00:15:00+00:00"", ""2017-06-20 00:15:00+00:00"", ""2017-08-04 00:15:00+00:00"", ""2017-09-27 00:15:00+00:00"", ""2017-04-19 00:15:00+00:00"", ""2017-04-29 23:15:00+00:00"", ""2017-05-14 18:15:00+00:00"", ""2017-06-07 00:15:00+00:00"", ""2017-07-02 18:15:00+00:00"", ""2017-07-22 00:15:00+00:00"", ""2017-09-12 00:15:00+00:00"", ""2017-04-20 00:15:00+00:00"", ""2017-04-30 18:15:00+00:00"", ""2017-05-13 00:15:00+00:00"", ""2017-05-17 00:15:00+00:00"", ""2017-06-08 00:15:00+00:00"", ""2017-07-15 00:15:00+00:00"", ""2017-07-22 23:15:00+00:00"", ""2017-08-23 00:15:00+00:00"", ""2017-09-13 00:15:00+00:00"", ""2017-04-10 20:15:00+00:00"", ""2017-06-01 00:15:00+00:00"", ""2017-04-13 00:15:00+00:00"", ""2017-07-01 00:15:00+00:00"", ""2017-08-31 00:15:00+00:00"", ""2017-09-30 00:15:00+00:00"", ""2017-07-16 18:15:00+00:00"", ""2017-08-24 18:15:00+00:00"", ""2017-04-16 18:15:00+00:00"", ""2017-05-13 23:15:00+00:00"", ""2017-06-06 00:15:00+00:00"", ""2017-06-24 18:15:00+00:00"", ""2017-07-01 18:15:00+00:00"", ""2017-07-21 00:15:00+00:00"", ""2017-09-08 00:15:00+00:00"", ""2017-09-10 18:15:00+00:00"", ""2017-04-14 00:15:00+00:00"", ""2017-05-04 00:15:00+00:00"", ""2017-05-29 23:15:00+00:00"", ""2017-06-21 00:15:00+00:00"", ""2017-07-18 00:15:00+00:00"", ""2017-08-05 00:15:00+00:00"", ""2017-08-29 00:15:00+00:00"", ""2017-09-28 00:15:00+00:00"", ""2017-09-30 23:15:00+00:00"", ""2017-04-15 00:15:00+00:00"", ""2017-05-04 18:15:00+00:00"", ""2017-05-31 00:15:00+00:00"", ""2017-06-21 18:15:00+00:00"", ""2017-06-25 18:15:00+00:00"", ""2017-07-19 00:15:00+00:00"", ""2017-08-05 23:15:00+00:00"", ""2017-08-30 00:15:00+00:00"", ""2017-09-09 00:15:00+00:00"", ""2017-09-29 00:15:00+00:00"", ""2017-10-01 19:15:00+00:00"", ""2017-05-06 00:15:00+00:00"", ""2017-06-04 18:15:00+00:00"", ""2017-08-19 00:15:00+00:00"", ""2017-05-06 20:15:00+00:00"", ""2017-06-03 00:15:00+00:00"", ""2017-08-19 23:15:00+00:00"", ""2017-05-07 18:15:00+00:00"", ""2017-05-03 00:15:00+00:00"", ""2017-04-29 00:15:00+00:00""]",01-50,,mlb
St. Louis Cardinals,81,"[9713257, 9713260, 9713271, 9713279, 9713228, 9713294, 9713302, 9713258, 9713261, 9713269, 9713272, 9713231, 9713233, 9713244, 9713280, 9713288, 9713291, 9713299, 9713307, 9713255, 9713266, 9713277, 9713234, 9713245, 9713281, 9713289, 9713300, 9713308, 9713235, 9713246, 9713282, 9713293, 9713301, 9713256, 9713267, 9713270, 9713278, 9713239, 9713286, 9713297, 9713305, 9713236, 9713247, 9713283, 9713253, 9713264, 9713275, 9713250, 9713229, 9713232, 9713243, 9713287, 9713290, 9713298, 9713306, 9713254, 9713265, 9713276, 9713237, 9713240, 9713284, 9713295, 9713303, 9713226, 9713248, 9713251, 9713259, 9713262, 9713273, 9713230, 9713238, 9713241, 9713285, 9713296, 9713304, 9713227, 9713249, 9713252, 9713263, 9713274, 9713242]","[""2017-06-10 00:15:00+00:00"", ""2017-06-14 00:15:00+00:00"", ""2017-07-04 18:15:00+00:00"", ""2017-07-27 00:15:00+00:00"", ""2017-04-05 17:45:00+00:00"", ""2017-08-26 23:15:00+00:00"", ""2017-09-26 00:15:00+00:00"", ""2017-06-11 18:15:00+00:00"", ""2017-06-15 00:15:00+00:00"", ""2017-07-01 23:15:00+00:00"", ""2017-07-06 00:15:00+00:00"", ""2017-04-09 18:15:00+00:00"", ""2017-04-19 00:15:00+00:00"", ""2017-05-04 17:45:00+00:00"", ""2017-07-27 23:15:00+00:00"", ""2017-08-13 18:15:00+00:00"", ""2017-08-24 23:15:00+00:00"", ""2017-09-13 00:15:00+00:00"", ""2017-09-30 20:15:00+00:00"", ""2017-06-01 00:15:00+00:00"", ""2017-07-01 00:15:00+00:00"", ""2017-07-25 00:15:00+00:00"", ""2017-04-19 17:45:00+00:00"", ""2017-05-13 00:15:00+00:00"", ""2017-07-29 00:15:00+00:00"", ""2017-08-23 00:15:00+00:00"", ""2017-09-14 00:15:00+00:00"", ""2017-10-01 19:15:00+00:00"", ""2017-04-26 00:15:00+00:00"", ""2017-05-13 18:15:00+00:00"", ""2017-07-29 23:15:00+00:00"", ""2017-08-26 00:15:00+00:00"", ""2017-09-14 17:45:00+00:00"", ""2017-06-01 17:45:00+00:00"", ""2017-07-02 18:15:00+00:00"", ""2017-07-03 23:15:00+00:00"", ""2017-07-26 00:15:00+00:00"", ""2017-04-29 18:15:00+00:00"", ""2017-08-12 00:15:00+00:00"", ""2017-09-09 23:15:00+00:00"", ""2017-09-28 23:15:00+00:00"", ""2017-04-27 00:15:00+00:00"", ""2017-05-14 18:15:00+00:00"", ""2017-07-30 18:15:00+00:00"", ""2017-05-29 18:15:00+00:00"", ""2017-06-25 18:15:00+00:00"", ""2017-07-09 18:15:00+00:00"", ""2017-05-20 00:15:00+00:00"", ""2017-04-08 00:15:00+00:00"", ""2017-04-18 00:15:00+00:00"", ""2017-05-04 00:15:00+00:00"", ""2017-08-12 23:15:00+00:00"", ""2017-08-24 00:15:00+00:00"", ""2017-09-10 18:15:00+00:00"", ""2017-09-30 00:15:00+00:00"", ""2017-05-31 00:15:00+00:00"", ""2017-06-24 23:15:00+00:00"", ""2017-07-08 20:10:00+00:00"", ""2017-04-27 17:45:00+00:00"", ""2017-04-30 18:15:00+00:00"", ""2017-08-10 00:15:00+00:00"", ""2017-08-27 18:15:00+00:00"", ""2017-09-27 00:15:00+00:00"", ""2017-04-03 00:35:00+00:00"", ""2017-05-17 00:15:00+00:00"", ""2017-05-21 18:15:00+00:00"", ""2017-06-10 18:15:00+00:00"", ""2017-06-15 23:15:00+00:00"", ""2017-07-06 17:45:00+00:00"", ""2017-04-08 18:15:00+00:00"", ""2017-04-29 00:15:00+00:00"", ""2017-05-02 00:15:00+00:00"", ""2017-08-10 23:15:00+00:00"", ""2017-09-09 00:15:00+00:00"", ""2017-09-28 00:15:00+00:00"", ""2017-04-05 00:15:00+00:00"", ""2017-05-18 00:15:00+00:00"", ""2017-05-20 23:15:00+00:00"", ""2017-06-24 00:15:00+00:00"", ""2017-07-08 00:15:00+00:00"", ""2017-05-03 00:15:00+00:00""]",02-00,,mlb
Chicago White Sox,81,"[9711035, 9711024, 9711013, 9711036, 9711025, 9711014, 9711033, 9711019, 9711011, 9711034, 9711023, 9711012, 9711009, 9711039, 9711040, 9711041, 9711042, 9711047, 9711054, 9711048, 9711051, 9711049, 9711052, 9711044, 9711055, 9711066, 9711077, 9711080, 9711088, 9711091, 9711045, 9711056, 9711067, 9711070, 9711078, 9711081, 9711089, 9711092, 9711064, 9711075, 9711086, 9711065, 9711076, 9711087, 9711090, 9711059, 9711062, 9711073, 9711084, 9711063, 9711074, 9711085, 9711057, 9711060, 9711068, 9711071, 9711079, 9711082, 9711058, 9711061, 9711069, 9711072, 9711083, 9711046, 9711043, 9711050, 9711037, 9711026, 9711015, 9711038, 9711030, 9711027, 9711016, 9711031, 9711028, 9711020, 9711017, 9711032, 9711029, 9711018, 9711010]","[""2017-06-13 00:10:00+00:00"", ""2017-05-11 00:10:00+00:00"", ""2017-04-08 18:10:00+00:00"", ""2017-06-14 00:10:00+00:00"", ""2017-05-12 00:10:00+00:00"", ""2017-04-09 18:10:00+00:00"", ""2017-05-31 00:10:00+00:00"", ""2017-04-26 00:10:00+00:00"", ""2017-04-06 18:10:00+00:00"", ""2017-06-01 00:10:00+00:00"", ""2017-05-10 00:10:00+00:00"", ""2017-04-08 00:10:00+00:00"", ""2017-04-03 20:10:00+00:00"", ""2017-06-24 00:10:00+00:00"", ""2017-06-24 18:10:00+00:00"", ""2017-06-25 18:10:00+00:00"", ""2017-06-27 00:10:00+00:00"", ""2017-07-01 18:10:00+00:00"", ""2017-07-20 00:10:00+00:00"", ""2017-07-02 18:10:00+00:00"", ""2017-07-16 18:10:00+00:00"", ""2017-07-15 00:10:00+00:00"", ""2017-07-19 00:10:00+00:00"", ""2017-06-29 00:10:00+00:00"", ""2017-07-27 00:10:00+00:00"", ""2017-08-12 00:10:00+00:00"", ""2017-09-02 23:10:00+00:00"", ""2017-09-06 00:10:00+00:00"", ""2017-09-24 18:10:00+00:00"", ""2017-09-28 00:10:00+00:00"", ""2017-06-30 00:10:00+00:00"", ""2017-07-28 00:10:00+00:00"", ""2017-08-12 23:10:00+00:00"", ""2017-08-23 00:10:00+00:00"", ""2017-09-03 18:10:00+00:00"", ""2017-09-07 00:10:00+00:00"", ""2017-09-26 00:10:00+00:00"", ""2017-09-29 00:10:00+00:00"", ""2017-08-10 00:10:00+00:00"", ""2017-08-27 18:10:00+00:00"", ""2017-09-23 00:10:00+00:00"", ""2017-08-11 00:10:00+00:00"", ""2017-09-02 00:10:00+00:00"", ""2017-09-23 23:10:00+00:00"", ""2017-09-27 00:10:00+00:00"", ""2017-07-30 18:10:00+00:00"", ""2017-08-02 18:10:00+00:00"", ""2017-08-26 00:10:00+00:00"", ""2017-09-09 23:10:00+00:00"", ""2017-08-09 00:10:00+00:00"", ""2017-08-26 23:10:00+00:00"", ""2017-09-10 18:10:00+00:00"", ""2017-07-29 00:10:00+00:00"", ""2017-08-01 00:10:00+00:00"", ""2017-08-13 18:10:00+00:00"", ""2017-08-24 00:10:00+00:00"", ""2017-09-04 18:10:00+00:00"", ""2017-09-08 00:10:00+00:00"", ""2017-07-29 23:10:00+00:00"", ""2017-08-02 00:10:00+00:00"", ""2017-08-22 00:10:00+00:00"", ""2017-08-25 00:10:00+00:00"", ""2017-09-09 00:10:00+00:00"", ""2017-07-01 00:10:00+00:00"", ""2017-06-28 00:10:00+00:00"", ""2017-07-15 23:10:00+00:00"", ""2017-06-15 00:10:00+00:00"", ""2017-05-13 00:10:00+00:00"", ""2017-04-22 00:10:00+00:00"", ""2017-06-15 18:10:00+00:00"", ""2017-05-27 18:10:00+00:00"", ""2017-05-13 23:10:00+00:00"", ""2017-04-22 23:10:00+00:00"", ""2017-05-28 18:10:00+00:00"", ""2017-05-14 18:10:00+00:00"", ""2017-04-26 18:10:00+00:00"", ""2017-04-23 18:10:00+00:00"", ""2017-05-29 18:10:00+00:00"", ""2017-05-27 00:10:00+00:00"", ""2017-04-25 00:10:00+00:00"", ""2017-04-05 18:10:00+00:00""]",02-10,,mlb
Boston Red Sox,81,"[9691439, 9691453, 9691447, 9691513, 9691440, 9691514, 9691443, 9691454, 9691476, 9691444, 9691507, 9691510, 9691445, 9691478, 9691511, 9691446, 9691509, 9691427, 9691438, 9691441, 9691452, 9691515, 9691508, 9691512, 9691426, 9691421, 9691424, 9691474, 9691501, 9691502, 9691473, 9691500, 9691499, 9691475, 9691363, 9691460, 9691461, 9691459, 9691364, 9691365, 9691480, 9691481, 9691482, 9691463, 9691464, 9691469, 9691471, 9691468, 9691375, 9691374, 9691371, 9691372, 9691470, 9691465, 9691485, 9691486, 9691487, 9691490, 9691488, 9691492, 9691483, 9691484, 9691491, 9691489, 9691498, 9691496, 9691497, 9691506, 9691505, 9691503, 9691504, 9691493, 9691494, 9691495, 9691458, 9691456, 9691455, 9691451, 9691449, 9691467, 9691466]","[""2017-07-19 23:10:00+00:00"", ""2017-04-29 20:05:00+00:00"", ""2017-09-27 23:00:00+00:00"", ""2017-08-18 23:10:00+00:00"", ""2017-07-20 17:35:00+00:00"", ""2017-08-19 23:10:00+00:00"", ""2017-09-05 23:00:00+00:00"", ""2017-05-01 00:05:00+00:00"", ""2017-04-05 23:10:00+00:00"", ""2017-09-06 23:10:00+00:00"", ""2017-04-25 23:10:00+00:00"", ""2017-07-14 23:10:00+00:00"", ""2017-09-25 23:00:00+00:00"", ""2017-04-06 17:35:00+00:00"", ""2017-07-15 20:05:00+00:00"", ""2017-09-26 23:00:00+00:00"", ""2017-04-27 23:10:00+00:00"", ""2017-07-17 23:10:00+00:00"", ""2017-07-18 23:10:00+00:00"", ""2017-09-04 23:10:00+00:00"", ""2017-04-28 23:10:00+00:00"", ""2017-08-20 17:00:00+00:00"", ""2017-04-26 23:10:00+00:00"", ""2017-07-17 00:05:00+00:00"", ""2017-09-14 17:35:00+00:00"", ""2017-09-12 23:10:00+00:00"", ""2017-09-13 23:00:00+00:00"", ""2017-06-13 23:10:00+00:00"", ""2017-06-28 23:10:00+00:00"", ""2017-06-29 23:10:00+00:00"", ""2017-06-12 23:10:00+00:00"", ""2017-06-26 23:10:00+00:00"", ""2017-06-27 23:10:00+00:00"", ""2017-04-03 18:05:00+00:00"", ""2017-06-23 23:10:00+00:00"", ""2017-05-27 20:05:00+00:00"", ""2017-05-28 17:35:00+00:00"", ""2017-05-26 23:00:00+00:00"", ""2017-06-24 23:15:00+00:00"", ""2017-06-25 17:00:00+00:00"", ""2017-05-23 23:00:00+00:00"", ""2017-05-24 23:00:00+00:00"", ""2017-05-25 23:00:00+00:00"", ""2017-04-11 23:10:00+00:00"", ""2017-04-12 23:10:00+00:00"", ""2017-08-25 23:10:00+00:00"", ""2017-08-27 17:35:00+00:00"", ""2017-05-04 23:10:00+00:00"", ""2017-10-01 19:05:00+00:00"", ""2017-09-30 17:00:00+00:00"", ""2017-09-28 23:10:00+00:00"", ""2017-09-29 23:00:00+00:00"", ""2017-08-26 20:05:00+00:00"", ""2017-05-01 23:00:00+00:00"", ""2017-04-16 17:35:00+00:00"", ""2017-04-17 15:05:00+00:00"", ""2017-05-12 23:10:00+00:00"", ""2017-09-08 23:00:00+00:00"", ""2017-05-13 23:10:00+00:00"", ""2017-09-10 17:00:00+00:00"", ""2017-04-14 23:10:00+00:00"", ""2017-04-15 20:05:00+00:00"", ""2017-09-09 23:00:00+00:00"", ""2017-05-14 17:00:00+00:00"", ""2017-06-11 17:00:00+00:00"", ""2017-06-09 23:10:00+00:00"", ""2017-06-10 23:15:00+00:00"", ""2017-08-06 17:35:00+00:00"", ""2017-08-05 23:10:00+00:00"", ""2017-08-03 23:10:00+00:00"", ""2017-08-04 23:10:00+00:00"", ""2017-07-28 23:10:00+00:00"", ""2017-07-29 23:10:00+00:00"", ""2017-07-30 17:00:00+00:00"", ""2017-08-02 23:10:00+00:00"", ""2017-08-01 23:10:00+00:00"", ""2017-07-31 23:10:00+00:00"", ""2017-08-16 23:10:00+00:00"", ""2017-08-15 23:10:00+00:00"", ""2017-05-03 23:10:00+00:00"", ""2017-05-02 23:10:00+00:00""]",02-20,,mlb
Seattle Mariners,81,"[9707513, 9707524, 9707514, 9707519, 9707522, 9707560, 9707536, 9707550, 9707558, 9707561, 9707532, 9707543, 9707554, 9707533, 9707544, 9707555, 9707512, 9707534, 9707545, 9707556, 9707562, 9707511, 9707525, 9707523, 9707517, 9707520, 9707528, 9707518, 9707521, 9707515, 9707526, 9707537, 9707540, 9707548, 9707551, 9707559, 9707516, 9707527, 9707530, 9707538, 9707541, 9707549, 9707552, 9707535, 9707557, 9707531, 9707539, 9707542, 9707553, 9707529, 9707430, 9707504, 9707406, 9707420, 9707428, 9707505, 9707414, 9707425, 9707502, 9707415, 9707426, 9707503, 9707407, 9707410, 9707418, 9707421, 9707429, 9707506, 9707408, 9707411, 9707419, 9707422, 9707507, 9707510, 9732040, 9707409, 9707412, 9707423, 9707508, 9707509, 9707417]","[""2017-06-20 02:10:00+00:00"", ""2017-07-06 02:10:00+00:00"", ""2017-06-21 02:10:00+00:00"", ""2017-06-25 20:10:00+00:00"", ""2017-07-04 02:10:00+00:00"", ""2017-09-23 02:10:00+00:00"", ""2017-07-29 02:10:00+00:00"", ""2017-09-03 20:10:00+00:00"", ""2017-09-21 02:10:00+00:00"", ""2017-09-23 20:10:00+00:00"", ""2017-07-23 20:10:00+00:00"", ""2017-08-15 02:10:00+00:00"", ""2017-09-09 02:10:00+00:00"", ""2017-07-25 02:10:00+00:00"", ""2017-08-16 02:10:00+00:00"", ""2017-09-10 01:10:00+00:00"", ""2017-06-11 20:10:00+00:00"", ""2017-07-26 02:10:00+00:00"", ""2017-08-16 19:40:00+00:00"", ""2017-09-10 20:10:00+00:00"", ""2017-09-24 20:10:00+00:00"", ""2017-06-11 02:10:00+00:00"", ""2017-07-07 02:10:00+00:00"", ""2017-07-04 22:40:00+00:00"", ""2017-06-24 02:10:00+00:00"", ""2017-06-28 02:10:00+00:00"", ""2017-07-09 20:10:00+00:00"", ""2017-06-25 02:10:00+00:00"", ""2017-06-28 19:40:00+00:00"", ""2017-06-22 02:10:00+00:00"", ""2017-07-08 02:10:00+00:00"", ""2017-07-29 20:10:00+00:00"", ""2017-08-12 02:10:00+00:00"", ""2017-09-02 02:10:00+00:00"", ""2017-09-04 22:40:00+00:00"", ""2017-09-22 02:10:00+00:00"", ""2017-06-23 02:10:00+00:00"", ""2017-07-09 02:10:00+00:00"", ""2017-07-22 02:10:00+00:00"", ""2017-07-30 20:10:00+00:00"", ""2017-08-13 01:10:00+00:00"", ""2017-09-03 01:10:00+00:00"", ""2017-09-06 02:10:00+00:00"", ""2017-07-26 19:40:00+00:00"", ""2017-09-20 02:10:00+00:00"", ""2017-07-23 01:10:00+00:00"", ""2017-08-11 02:10:00+00:00"", ""2017-08-13 20:10:00+00:00"", ""2017-09-07 02:10:00+00:00"", ""2017-07-21 02:10:00+00:00"", ""2017-05-21 20:10:00+00:00"", ""2017-06-03 02:10:00+00:00"", ""2017-04-10 21:10:00+00:00"", ""2017-05-06 02:10:00+00:00"", ""2017-05-20 02:10:00+00:00"", ""2017-06-04 02:10:00+00:00"", ""2017-04-19 02:10:00+00:00"", ""2017-05-17 02:10:00+00:00"", ""2017-06-01 02:10:00+00:00"", ""2017-04-19 19:40:00+00:00"", ""2017-05-18 02:10:00+00:00"", ""2017-06-01 19:40:00+00:00"", ""2017-04-12 02:10:00+00:00"", ""2017-04-16 01:10:00+00:00"", ""2017-05-04 02:10:00+00:00"", ""2017-05-07 01:10:00+00:00"", ""2017-05-21 02:10:00+00:00"", ""2017-06-04 20:10:00+00:00"", ""2017-04-13 02:10:00+00:00"", ""2017-04-16 20:10:00+00:00"", ""2017-05-05 02:10:00+00:00"", ""2017-05-07 20:10:00+00:00"", ""2017-06-07 02:10:00+00:00"", ""2017-06-10 02:10:00+00:00"", ""2017-05-19 02:10:00+00:00"", ""2017-04-15 02:10:00+00:00"", ""2017-04-18 02:10:00+00:00"", ""2017-05-16 02:10:00+00:00"", ""2017-06-08 02:10:00+00:00"", ""2017-06-09 02:10:00+00:00"", ""2017-05-03 02:10:00+00:00""]",02-30,,mlb
Philadelphia Phillies,81,"[9714864, 9714875, 9714886, 9714897, 9714930, 9714938, 9714841, 9714940, 9714876, 9714890, 9714906, 9714915, 9714931, 9714844, 9714880, 9714891, 9714856, 9714867, 9714908, 9714868, 9714871, 9714912, 9714850, 9714873, 9714925, 9714950, 9714845, 9714881, 9714911, 9714846, 9714857, 9714860, 9714839, 9714842, 9714853, 9714863, 9714904, 9714865, 9714928, 9714899, 9714929, 9714932, 9714901, 9714909, 9714848, 9714851, 9714847, 9714861, 9714923, 9714924, 9714927, 9714852, 9714885, 9714887, 9714926, 9714937, 9714866, 9714888, 9714907, 9714862, 9714884, 9714895, 9714914, 9714936, 9714870, 9714878, 9714934, 9714858, 9714872, 9714883, 9714935, 9714903, 9714838, 9714849, 9714949, 9714854, 9714939, 9714910, 9714902, 9714859, 9714889]","[""2017-08-26 23:05:00+00:00"", ""2017-06-02 23:05:00+00:00"", ""2017-08-22 23:05:00+00:00"", ""2017-04-11 23:05:00+00:00"", ""2017-07-04 20:05:00+00:00"", ""2017-05-28 17:35:00+00:00"", ""2017-07-26 23:05:00+00:00"", ""2017-05-23 23:05:00+00:00"", ""2017-06-03 20:05:00+00:00"", ""2017-09-13 23:05:00+00:00"", ""2017-09-29 23:05:00+00:00"", ""2017-05-07 18:35:00+00:00"", ""2017-07-05 23:05:00+00:00"", ""2017-09-16 23:05:00+00:00"", ""2017-05-09 23:05:00+00:00"", ""2017-09-14 23:05:00+00:00"", ""2017-08-30 17:05:00+00:00"", ""2017-06-17 20:05:00+00:00"", ""2017-10-01 19:05:00+00:00"", ""2017-06-18 17:35:00+00:00"", ""2017-09-19 23:05:00+00:00"", ""2017-05-05 23:05:00+00:00"", ""2017-07-29 23:05:00+00:00"", ""2017-09-21 17:05:00+00:00"", ""2017-09-27 23:05:00+00:00"", ""2017-05-25 17:05:00+00:00"", ""2017-09-17 17:35:00+00:00"", ""2017-05-10 17:05:00+00:00"", ""2017-04-09 17:35:00+00:00"", ""2017-04-21 23:05:00+00:00"", ""2017-07-21 23:05:00+00:00"", ""2017-06-20 23:05:00+00:00"", ""2017-07-25 23:05:00+00:00"", ""2017-09-15 23:05:00+00:00"", ""2017-08-28 23:05:00+00:00"", ""2017-08-25 23:05:00+00:00"", ""2017-08-13 17:35:00+00:00"", ""2017-08-27 17:35:00+00:00"", ""2017-07-09 17:35:00+00:00"", ""2017-04-12 23:05:00+00:00"", ""2017-07-03 23:05:00+00:00"", ""2017-07-06 22:05:00+00:00"", ""2017-08-10 23:05:00+00:00"", ""2017-04-07 19:05:00+00:00"", ""2017-04-23 17:35:00+00:00"", ""2017-07-30 17:35:00+00:00"", ""2017-04-22 23:05:00+00:00"", ""2017-06-21 23:05:00+00:00"", ""2017-09-25 23:05:00+00:00"", ""2017-09-26 23:05:00+00:00"", ""2017-07-08 20:05:00+00:00"", ""2017-07-31 16:35:00+00:00"", ""2017-04-27 17:05:00+00:00"", ""2017-08-23 23:05:00+00:00"", ""2017-07-07 22:35:00+00:00"", ""2017-05-27 20:05:00+00:00"", ""2017-06-16 23:05:00+00:00"", ""2017-08-24 17:05:00+00:00"", ""2017-09-30 23:05:00+00:00"", ""2017-06-22 17:05:00+00:00"", ""2017-04-26 23:05:00+00:00"", ""2017-04-10 23:05:00+00:00"", ""2017-05-06 23:05:00+00:00"", ""2017-05-26 23:05:00+00:00"", ""2017-09-18 23:05:00+00:00"", ""2017-06-04 17:35:00+00:00"", ""2017-06-14 23:05:00+00:00"", ""2017-07-22 23:05:00+00:00"", ""2017-09-20 23:05:00+00:00"", ""2017-04-25 23:05:00+00:00"", ""2017-06-15 23:05:00+00:00"", ""2017-08-12 23:05:00+00:00"", ""2017-07-24 23:05:00+00:00"", ""2017-07-28 23:05:00+00:00"", ""2017-05-24 23:05:00+00:00"", ""2017-08-29 23:05:00+00:00"", ""2017-05-22 23:05:00+00:00"", ""2017-04-08 23:05:00+00:00"", ""2017-08-11 23:05:00+00:00"", ""2017-07-23 17:35:00+00:00"", ""2017-09-12 23:05:00+00:00""]",02-40,,mlb
New York Mets,81,"[9710894, 9710935, 9710957, 9710933, 9710958, 9710893, 9710928, 9710917, 9710896, 9710915, 9710937, 9710940, 9710905, 9710916, 9710927, 9710891, 9710895, 9710914, 9710912, 9710970, 9710931, 9710942, 9710907, 9710889, 9710890, 9710906, 9710929, 9710913, 9710971, 9710892, 9710944, 9710959, 9710888, 9710910, 9710908, 9710954, 9710882, 9710883, 9710884, 9710960, 9710961, 9710920, 9710921, 9710965, 9710962, 9710963, 9710964, 9710919, 9710922, 9710923, 9710918, 9710924, 9710925, 9710926, 9710956, 9710950, 9710951, 9710948, 9710952, 9710949, 9710953, 9710955, 9710885, 9710887, 9710886, 9710946, 9710947, 9710945, 9710911, 9710909, 9710900, 9710898, 9710899, 9710901, 9710904, 9710902, 9710903, 9710966, 9710967, 9710968, 9710897]","[""2017-09-25 23:10:00+00:00"", ""2017-06-17 20:10:00+00:00"", ""2017-06-02 23:10:00+00:00"", ""2017-06-16 23:10:00+00:00"", ""2017-06-03 23:15:00+00:00"", ""2017-04-27 17:10:00+00:00"", ""2017-04-22 20:05:00+00:00"", ""2017-05-10 17:10:00+00:00"", ""2017-09-27 17:10:00+00:00"", ""2017-05-08 23:10:00+00:00"", ""2017-06-18 17:10:00+00:00"", ""2017-09-22 23:10:00+00:00"", ""2017-06-12 23:10:00+00:00"", ""2017-05-09 23:10:00+00:00"", ""2017-04-21 23:10:00+00:00"", ""2017-04-25 23:10:00+00:00"", ""2017-09-26 23:10:00+00:00"", ""2017-08-06 17:10:00+00:00"", ""2017-08-04 23:10:00+00:00"", ""2017-08-16 23:10:00+00:00"", ""2017-06-15 23:10:00+00:00"", ""2017-09-23 23:10:00+00:00"", ""2017-06-14 23:10:00+00:00"", ""2017-04-05 23:10:00+00:00"", ""2017-04-06 23:10:00+00:00"", ""2017-06-13 23:10:00+00:00"", ""2017-04-24 00:00:00+00:00"", ""2017-08-05 20:05:00+00:00"", ""2017-08-17 23:10:00+00:00"", ""2017-04-26 23:10:00+00:00"", ""2017-09-24 17:10:00+00:00"", ""2017-06-04 17:10:00+00:00"", ""2017-04-03 17:10:00+00:00"", ""2017-08-23 23:10:00+00:00"", ""2017-08-21 23:10:00+00:00"", ""2017-09-04 17:10:00+00:00"", ""2017-05-19 23:10:00+00:00"", ""2017-05-20 23:15:00+00:00"", ""2017-05-21 17:10:00+00:00"", ""2017-08-08 23:10:00+00:00"", ""2017-08-09 16:10:00+00:00"", ""2017-04-10 00:00:00+00:00"", ""2017-05-05 23:10:00+00:00"", ""2017-09-10 17:10:00+00:00"", ""2017-09-07 23:10:00+00:00"", ""2017-09-08 23:10:00+00:00"", ""2017-09-09 23:10:00+00:00"", ""2017-04-08 23:10:00+00:00"", ""2017-05-06 23:10:00+00:00"", ""2017-05-07 17:10:00+00:00"", ""2017-04-07 23:10:00+00:00"", ""2017-08-18 23:10:00+00:00"", ""2017-08-19 23:10:00+00:00"", ""2017-08-20 17:10:00+00:00"", ""2017-09-06 23:10:00+00:00"", ""2017-04-20 23:10:00+00:00"", ""2017-06-30 23:10:00+00:00"", ""2017-04-18 23:10:00+00:00"", ""2017-07-01 20:10:00+00:00"", ""2017-04-19 23:10:00+00:00"", ""2017-07-02 17:10:00+00:00"", ""2017-09-05 23:10:00+00:00"", ""2017-07-21 23:10:00+00:00"", ""2017-07-23 23:10:00+00:00"", ""2017-07-22 23:10:00+00:00"", ""2017-05-24 23:10:00+00:00"", ""2017-05-25 23:10:00+00:00"", ""2017-05-23 23:10:00+00:00"", ""2017-08-24 16:10:00+00:00"", ""2017-08-22 23:10:00+00:00"", ""2017-06-01 17:10:00+00:00"", ""2017-05-30 23:10:00+00:00"", ""2017-05-31 23:10:00+00:00"", ""2017-07-17 23:10:00+00:00"", ""2017-07-20 16:10:00+00:00"", ""2017-07-18 23:10:00+00:00"", ""2017-07-19 23:10:00+00:00"", ""2017-07-14 23:10:00+00:00"", ""2017-07-15 23:10:00+00:00"", ""2017-07-16 17:10:00+00:00"", ""2017-05-29 17:10:00+00:00""]",02-50,,mlb
Atlanta Braves,82,"[9714970, 9714969, 9728079, 9714952, 9714972, 9714975, 9714976, 9715013, 9715020, 9714991, 9714992, 9715047, 9715048, 9715021, 9715022, 9715043, 9715044, 9715050, 9715011, 9715051, 9715003, 9715023, 9715024, 9715025, 9715026, 9715016, 9715004, 9715019, 9715037, 9715033, 9715034, 9715017, 9715018, 9715014, 9715015, 9714977, 9715035, 9714993, 9714995, 9714990, 9714998, 9715052, 9715042, 9715032, 9715046, 9714984, 9714997, 9714999, 9715031, 9714983, 9714978, 9714985, 9714986, 9714979, 9714980, 9714987, 9715030, 9715008, 9714981, 9714982, 9714971, 9714973, 9714988, 9714989, 9714951, 9714996, 9715005, 9715006, 9715007, 9715012, 9715040, 9715027, 9715000, 9715001, 9715002, 9715028, 9715029, 9715009, 9715010, 9714994, 9715038, 9715039]","[""2017-05-18 23:35:00+00:00"", ""2017-05-17 23:35:00+00:00"", ""2017-03-31 23:35:00+00:00"", ""2017-07-05 23:35:00+00:00"", ""2017-06-24 20:10:00+00:00"", ""2017-05-05 23:35:00+00:00"", ""2017-05-06 23:10:00+00:00"", ""2017-09-17 17:35:00+00:00"", ""2017-09-19 23:35:00+00:00"", ""2017-08-21 23:35:00+00:00"", ""2017-08-22 23:35:00+00:00"", ""2017-08-19 23:10:00+00:00"", ""2017-08-20 17:35:00+00:00"", ""2017-09-20 23:35:00+00:00"", ""2017-09-21 23:35:00+00:00"", ""2017-09-05 23:35:00+00:00"", ""2017-09-06 23:35:00+00:00"", ""2017-08-25 23:35:00+00:00"", ""2017-09-15 23:35:00+00:00"", ""2017-08-26 23:10:00+00:00"", ""2017-09-10 17:35:00+00:00"", ""2017-04-14 23:35:00+00:00"", ""2017-04-15 23:10:00+00:00"", ""2017-04-16 17:35:00+00:00"", ""2017-04-17 23:35:00+00:00"", ""2017-04-20 23:35:00+00:00"", ""2017-05-01 23:35:00+00:00"", ""2017-05-21 17:35:00+00:00"", ""2017-05-22 23:35:00+00:00"", ""2017-09-22 23:35:00+00:00"", ""2017-09-23 23:10:00+00:00"", ""2017-05-19 23:35:00+00:00"", ""2017-05-20 20:10:00+00:00"", ""2017-04-18 23:35:00+00:00"", ""2017-04-19 23:35:00+00:00"", ""2017-05-07 17:35:00+00:00"", ""2017-09-24 17:35:00+00:00"", ""2017-08-23 23:35:00+00:00"", ""2017-06-17 20:10:00+00:00"", ""2017-06-22 23:35:00+00:00"", ""2017-08-05 23:10:00+00:00"", ""2017-08-27 17:35:00+00:00"", ""2017-09-04 23:35:00+00:00"", ""2017-08-09 23:35:00+00:00"", ""2017-08-18 23:35:00+00:00"", ""2017-08-01 23:35:00+00:00"", ""2017-08-04 23:35:00+00:00"", ""2017-08-06 17:35:00+00:00"", ""2017-08-08 23:35:00+00:00"", ""2017-07-16 17:35:00+00:00"", ""2017-07-17 23:35:00+00:00"", ""2017-08-02 23:35:00+00:00"", ""2017-08-03 23:35:00+00:00"", ""2017-07-18 23:35:00+00:00"", ""2017-07-19 16:10:00+00:00"", ""2017-06-19 23:35:00+00:00"", ""2017-06-08 23:35:00+00:00"", ""2017-06-09 23:35:00+00:00"", ""2017-07-14 23:35:00+00:00"", ""2017-07-15 23:10:00+00:00"", ""2017-06-23 23:35:00+00:00"", ""2017-06-25 17:35:00+00:00"", ""2017-06-20 23:35:00+00:00"", ""2017-06-21 23:35:00+00:00"", ""2017-07-04 23:35:00+00:00"", ""2017-06-18 17:35:00+00:00"", ""2017-05-02 23:35:00+00:00"", ""2017-05-03 23:35:00+00:00"", ""2017-05-04 23:35:00+00:00"", ""2017-09-16 23:10:00+00:00"", ""2017-05-25 16:10:00+00:00"", ""2017-06-05 23:35:00+00:00"", ""2017-09-07 23:35:00+00:00"", ""2017-09-08 23:35:00+00:00"", ""2017-09-09 23:10:00+00:00"", ""2017-06-06 23:35:00+00:00"", ""2017-06-07 23:35:00+00:00"", ""2017-06-10 20:10:00+00:00"", ""2017-06-11 17:35:00+00:00"", ""2017-06-16 23:35:00+00:00"", ""2017-05-23 23:35:00+00:00"", ""2017-05-24 23:35:00+00:00""]",03-00,,mlb
San Francisco Giants,83,"[9705272, 9705294, 9705237, 9705240, 9705273, 9705295, 9705281, 9705246, 9705271, 9705279, 9705293, 9705255, 9705280, 9705238, 9705241, 9705220, 9705239, 9705245, 9705256, 9705218, 9705254, 9705222, 9705244, 9705242, 9705223, 9736349, 9705274, 9705275, 9736351, 9705229, 9705269, 9705302, 9705267, 9705270, 9705268, 9705301, 9705233, 9705234, 9705235, 9705236, 9705263, 9705261, 9705260, 9705284, 9705282, 9705285, 9705283, 9705250, 9705296, 9705297, 9705207, 9705208, 9705277, 9705248, 9705249, 9705227, 9705230, 9705303, 9705209, 9705278, 9705276, 9705298, 9705300, 9705211, 9705257, 9705210, 9705299, 9705216, 9705214, 9705258, 9705259, 9705289, 9705290, 9705291, 9705264, 9705265, 9705266, 9705253, 9705286, 9705252, 9705287, 9705288, 9705292]","[""2017-07-26 02:15:00+00:00"", ""2017-09-13 02:15:00+00:00"", ""2017-05-16 02:15:00+00:00"", ""2017-05-27 02:15:00+00:00"", ""2017-07-26 19:45:00+00:00"", ""2017-09-14 02:15:00+00:00"", ""2017-08-09 19:45:00+00:00"", ""2017-06-01 02:15:00+00:00"", ""2017-07-25 02:15:00+00:00"", ""2017-08-08 02:15:00+00:00"", ""2017-09-12 02:15:00+00:00"", ""2017-06-24 23:15:00+00:00"", ""2017-08-09 02:15:00+00:00"", ""2017-05-17 02:15:00+00:00"", ""2017-05-28 02:05:00+00:00"", ""2017-04-26 02:15:00+00:00"", ""2017-05-17 19:45:00+00:00"", ""2017-05-31 02:15:00+00:00"", ""2017-06-25 20:05:00+00:00"", ""2017-04-25 02:15:00+00:00"", ""2017-06-24 02:15:00+00:00"", ""2017-04-27 02:15:00+00:00"", ""2017-05-29 20:05:00+00:00"", ""2017-05-28 20:05:00+00:00"", ""2017-04-27 19:45:00+00:00"", ""2017-03-31 02:15:00+00:00"", ""2017-08-03 02:15:00+00:00"", ""2017-08-04 02:15:00+00:00"", ""2017-04-01 02:15:00+00:00"", ""2017-04-30 01:05:00+00:00"", ""2017-07-22 20:05:00+00:00"", ""2017-09-30 20:05:00+00:00"", ""2017-07-21 02:15:00+00:00"", ""2017-07-23 20:05:00+00:00"", ""2017-07-22 02:15:00+00:00"", ""2017-09-30 02:15:00+00:00"", ""2017-05-12 02:15:00+00:00"", ""2017-05-13 02:15:00+00:00"", ""2017-05-13 20:05:00+00:00"", ""2017-05-14 20:05:00+00:00"", ""2017-07-09 20:05:00+00:00"", ""2017-07-09 02:05:00+00:00"", ""2017-07-08 02:15:00+00:00"", ""2017-08-20 01:05:00+00:00"", ""2017-08-18 02:15:00+00:00"", ""2017-08-20 20:05:00+00:00"", ""2017-08-19 02:15:00+00:00"", ""2017-06-11 20:05:00+00:00"", ""2017-09-16 02:15:00+00:00"", ""2017-09-17 01:05:00+00:00"", ""2017-04-10 20:35:00+00:00"", ""2017-04-12 02:15:00+00:00"", ""2017-08-06 01:05:00+00:00"", ""2017-06-10 02:15:00+00:00"", ""2017-06-10 20:05:00+00:00"", ""2017-04-29 02:15:00+00:00"", ""2017-04-30 20:05:00+00:00"", ""2017-10-01 19:05:00+00:00"", ""2017-04-13 02:15:00+00:00"", ""2017-08-06 20:05:00+00:00"", ""2017-08-05 02:15:00+00:00"", ""2017-09-17 20:05:00+00:00"", ""2017-09-20 19:45:00+00:00"", ""2017-04-15 02:15:00+00:00"", ""2017-06-27 02:15:00+00:00"", ""2017-04-14 02:15:00+00:00"", ""2017-09-20 02:15:00+00:00"", ""2017-04-16 20:05:00+00:00"", ""2017-04-15 20:05:00+00:00"", ""2017-06-28 02:15:00+00:00"", ""2017-06-28 19:45:00+00:00"", ""2017-09-01 02:15:00+00:00"", ""2017-09-02 02:15:00+00:00"", ""2017-09-02 20:05:00+00:00"", ""2017-07-18 02:15:00+00:00"", ""2017-07-19 02:15:00+00:00"", ""2017-07-19 19:45:00+00:00"", ""2017-06-14 19:45:00+00:00"", ""2017-08-22 02:15:00+00:00"", ""2017-06-14 02:15:00+00:00"", ""2017-08-23 02:15:00+00:00"", ""2017-08-23 19:45:00+00:00"", ""2017-09-03 20:05:00+00:00""]",03-10,,mlb
Oakland Athletics,82,"[9703617, 9703620, 9703628, 9703631, 9703639, 9703642, 9703653, 9703606, 9703598, 9703590, 9703587, 9703578, 9703646, 9703623, 9703577, 9703635, 9703589, 9731906, 9703626, 9703648, 9703651, 9703579, 9703582, 9703591, 9703594, 9703602, 9703611, 9703633, 9703655, 9703596, 9703637, 9703640, 9703638, 9703627, 9703603, 9703614, 9703652, 9703601, 9703609, 9703588, 9703599, 9703607, 9703610, 9703621, 9703632, 9703583, 9703613, 9703592, 9703608, 9703616, 9703630, 9703641, 9703650, 9703585, 9703649, 9703636, 9703586, 9703597, 9703605, 9703584, 9703595, 9703647, 9703604, 9703625, 9703612, 9703634, 9703656, 9703643, 9703600, 9703657, 9703644, 9703580, 9703629, 9703654, 9703624, 9703619, 9703622, 9703593, 9703645, 9703618, 9703581, 9703615]","[""2017-07-01 02:05:00+00:00"", ""2017-07-04 01:05:00+00:00"", ""2017-07-19 19:35:00+00:00"", ""2017-07-30 20:05:00+00:00"", ""2017-08-13 20:05:00+00:00"", ""2017-08-16 19:35:00+00:00"", ""2017-09-24 01:05:00+00:00"", ""2017-06-06 02:05:00+00:00"", ""2017-05-20 01:35:00+00:00"", ""2017-04-23 20:05:00+00:00"", ""2017-04-21 02:05:00+00:00"", ""2017-04-05 02:05:00+00:00"", ""2017-09-04 20:05:00+00:00"", ""2017-07-15 02:05:00+00:00"", ""2017-04-04 02:05:00+00:00"", ""2017-08-09 19:35:00+00:00"", ""2017-04-22 20:05:00+00:00"", ""2017-04-01 19:05:00+00:00"", ""2017-07-18 02:05:00+00:00"", ""2017-09-06 19:35:00+00:00"", ""2017-09-10 20:05:00+00:00"", ""2017-04-06 02:05:00+00:00"", ""2017-04-15 20:05:00+00:00"", ""2017-05-06 02:05:00+00:00"", ""2017-05-09 02:05:00+00:00"", ""2017-05-24 19:35:00+00:00"", ""2017-06-17 20:05:00+00:00"", ""2017-08-02 02:05:00+00:00"", ""2017-09-26 02:05:00+00:00"", ""2017-05-10 19:35:00+00:00"", ""2017-08-12 02:05:00+00:00"", ""2017-08-15 02:05:00+00:00"", ""2017-08-13 01:05:00+00:00"", ""2017-07-19 02:05:00+00:00"", ""2017-06-03 02:05:00+00:00"", ""2017-06-21 02:05:00+00:00"", ""2017-09-23 02:05:00+00:00"", ""2017-05-24 02:05:00+00:00"", ""2017-06-16 02:05:00+00:00"", ""2017-04-22 02:05:00+00:00"", ""2017-05-20 20:05:00+00:00"", ""2017-06-07 02:05:00+00:00"", ""2017-06-17 01:35:00+00:00"", ""2017-07-04 20:05:00+00:00"", ""2017-08-01 02:05:00+00:00"", ""2017-04-16 20:05:00+00:00"", ""2017-06-20 02:05:00+00:00"", ""2017-05-07 01:05:00+00:00"", ""2017-06-07 19:35:00+00:00"", ""2017-06-22 19:35:00+00:00"", ""2017-07-30 01:05:00+00:00"", ""2017-08-16 02:05:00+00:00"", ""2017-09-09 20:05:00+00:00"", ""2017-04-19 02:05:00+00:00"", ""2017-09-09 02:05:00+00:00"", ""2017-08-11 02:05:00+00:00"", ""2017-04-19 19:35:00+00:00"", ""2017-05-19 02:05:00+00:00"", ""2017-06-04 20:05:00+00:00"", ""2017-04-18 02:05:00+00:00"", ""2017-05-10 02:05:00+00:00"", ""2017-09-06 02:05:00+00:00"", ""2017-06-03 20:05:00+00:00"", ""2017-07-16 20:05:00+00:00"", ""2017-06-18 20:05:00+00:00"", ""2017-08-09 02:05:00+00:00"", ""2017-09-27 02:05:00+00:00"", ""2017-08-26 02:05:00+00:00"", ""2017-05-21 20:05:00+00:00"", ""2017-09-27 19:35:00+00:00"", ""2017-08-26 20:05:00+00:00"", ""2017-04-06 19:35:00+00:00"", ""2017-07-29 02:05:00+00:00"", ""2017-09-24 20:05:00+00:00"", ""2017-07-16 01:05:00+00:00"", ""2017-07-02 20:05:00+00:00"", ""2017-07-05 19:35:00+00:00"", ""2017-05-07 20:05:00+00:00"", ""2017-08-27 20:05:00+00:00"", ""2017-07-01 20:05:00+00:00"", ""2017-04-15 02:05:00+00:00"", ""2017-06-22 02:05:00+00:00""]",03-20,,mlb
New York Yankees,81,"[9708726, 9708615, 9708616, 9708596, 9708626, 9708637, 9708640, 9708648, 9708673, 9708714, 9708597, 9708627, 9708630, 9708638, 9708649, 9708696, 9708635, 9708646, 9708679, 9708682, 9708712, 9708723, 9708614, 9708625, 9708636, 9708647, 9708661, 9708669, 9708694, 9708724, 9708735, 9708746, 9708598, 9708606, 9708617, 9708608, 9708628, 9708619, 9708639, 9708633, 9708664, 9708666, 9708697, 9708707, 9708749, 9708718, 9708618, 9708609, 9708612, 9708632, 9708634, 9708687, 9708681, 9708706, 9708708, 9708739, 9708733, 9708744, 9708755, 9708620, 9708611, 9708631, 9708622, 9708642, 9708644, 9708686, 9708677, 9708727, 9708710, 9708607, 9708743, 9708621, 9708629, 9708623, 9708643, 9708645, 9708690, 9708689, 9708720, 9708711, 9708753]","[""2017-05-24 23:05:00+00:00"", ""2017-05-01 23:05:00+00:00"", ""2017-05-02 23:05:00+00:00"", ""2017-06-20 23:05:00+00:00"", ""2017-07-08 17:05:00+00:00"", ""2017-08-14 23:05:00+00:00"", ""2017-04-29 17:05:00+00:00"", ""2017-09-16 20:05:00+00:00"", ""2017-04-12 17:05:00+00:00"", ""2017-09-03 17:05:00+00:00"", ""2017-06-21 23:05:00+00:00"", ""2017-07-09 17:05:00+00:00"", ""2017-04-17 00:05:00+00:00"", ""2017-08-15 23:05:00+00:00"", ""2017-09-17 17:05:00+00:00"", ""2017-06-07 23:05:00+00:00"", ""2017-08-26 17:05:00+00:00"", ""2017-09-14 23:05:00+00:00"", ""2017-07-27 23:05:00+00:00"", ""2017-07-29 17:05:00+00:00"", ""2017-09-02 17:05:00+00:00"", ""2017-05-22 23:05:00+00:00"", ""2017-05-28 17:05:00+00:00"", ""2017-07-07 23:05:00+00:00"", ""2017-08-27 17:05:00+00:00"", ""2017-09-15 23:05:00+00:00"", ""2017-06-23 23:05:00+00:00"", ""2017-04-10 17:05:00+00:00"", ""2017-06-06 23:05:00+00:00"", ""2017-05-23 23:05:00+00:00"", ""2017-08-01 23:05:00+00:00"", ""2017-09-20 17:05:00+00:00"", ""2017-06-22 23:05:00+00:00"", ""2017-05-11 23:05:00+00:00"", ""2017-05-03 23:05:00+00:00"", ""2017-05-13 17:05:00+00:00"", ""2017-04-14 23:05:00+00:00"", ""2017-07-04 17:05:00+00:00"", ""2017-04-28 23:05:00+00:00"", ""2017-08-30 17:05:00+00:00"", ""2017-06-24 17:05:00+00:00"", ""2017-06-25 18:05:00+00:00"", ""2017-06-08 23:05:00+00:00"", ""2017-08-12 20:05:00+00:00"", ""2017-04-17 23:05:00+00:00"", ""2017-07-25 23:05:00+00:00"", ""2017-07-03 23:05:00+00:00"", ""2017-05-14 23:30:00+00:00"", ""2017-05-27 17:05:00+00:00"", ""2017-08-29 23:05:00+00:00"", ""2017-08-25 23:05:00+00:00"", ""2017-09-26 23:05:00+00:00"", ""2017-07-28 23:05:00+00:00"", ""2017-08-11 23:05:00+00:00"", ""2017-08-13 17:05:00+00:00"", ""2017-08-02 17:05:00+00:00"", ""2017-07-31 23:05:00+00:00"", ""2017-09-19 23:05:00+00:00"", ""2017-04-19 23:05:00+00:00"", ""2017-07-05 17:05:00+00:00"", ""2017-05-26 23:05:00+00:00"", ""2017-08-28 23:05:00+00:00"", ""2017-09-30 20:05:00+00:00"", ""2017-04-30 17:05:00+00:00"", ""2017-06-10 23:15:00+00:00"", ""2017-07-30 17:05:00+00:00"", ""2017-04-13 23:05:00+00:00"", ""2017-05-25 17:05:00+00:00"", ""2017-08-31 23:05:00+00:00"", ""2017-05-12 23:05:00+00:00"", ""2017-09-18 23:05:00+00:00"", ""2017-09-29 17:05:00+00:00"", ""2017-04-15 17:05:00+00:00"", ""2017-10-01 19:05:00+00:00"", ""2017-06-09 23:35:00+00:00"", ""2017-06-11 17:05:00+00:00"", ""2017-09-28 23:05:00+00:00"", ""2017-09-27 23:05:00+00:00"", ""2017-07-26 17:05:00+00:00"", ""2017-09-01 23:05:00+00:00"", ""2017-04-18 23:05:00+00:00""]",03-30,,mlb
Miami Marlins,81,"[9711534, 9711525, 9711547, 9711473, 9711476, 9711504, 9711515, 9711526, 9711562, 9711521, 9711522, 9711520, 9711523, 9711505, 9711530, 9711453, 9711475, 9711503, 9711514, 9711506, 9711531, 9711454, 9711564, 9711559, 9711507, 9711510, 9711532, 9711455, 9711565, 9711508, 9711511, 9711456, 9711501, 9711509, 9711512, 9711545, 9711446, 9711567, 9711457, 9711460, 9711502, 9711513, 9711524, 9711546, 9711557, 9711568, 9711447, 9711458, 9711543, 9711517, 9711518, 9711486, 9711489, 9711519, 9711539, 9711488, 9711540, 9711541, 9711497, 9711498, 9711496, 9711500, 9711536, 9711537, 9711485, 9711482, 9711483, 9711529, 9711465, 9711527, 9711528, 9711480, 9711479, 9711478, 9711469, 9711470, 9711552, 9711553, 9711550, 9711471, 9711467]","[""2017-08-25 23:10:00+00:00"", ""2017-08-01 23:10:00+00:00"", ""2017-09-06 23:10:00+00:00"", ""2017-05-12 23:10:00+00:00"", ""2017-05-14 17:10:00+00:00"", ""2017-06-20 23:10:00+00:00"", ""2017-07-16 17:10:00+00:00"", ""2017-08-02 23:10:00+00:00"", ""2017-09-20 17:10:00+00:00"", ""2017-07-28 23:10:00+00:00"", ""2017-07-29 23:10:00+00:00"", ""2017-07-27 23:10:00+00:00"", ""2017-07-30 17:10:00+00:00"", ""2017-06-21 16:10:00+00:00"", ""2017-08-14 23:10:00+00:00"", ""2017-04-13 23:10:00+00:00"", ""2017-05-13 23:10:00+00:00"", ""2017-06-19 23:10:00+00:00"", ""2017-07-15 23:10:00+00:00"", ""2017-06-22 23:10:00+00:00"", ""2017-08-15 23:10:00+00:00"", ""2017-04-14 23:10:00+00:00"", ""2017-09-28 23:10:00+00:00"", ""2017-09-19 23:10:00+00:00"", ""2017-06-23 23:10:00+00:00"", ""2017-06-27 23:10:00+00:00"", ""2017-08-16 17:10:00+00:00"", ""2017-04-15 23:10:00+00:00"", ""2017-09-29 23:10:00+00:00"", ""2017-06-24 20:10:00+00:00"", ""2017-06-28 23:10:00+00:00"", ""2017-04-16 17:10:00+00:00"", ""2017-06-13 23:10:00+00:00"", ""2017-06-25 17:10:00+00:00"", ""2017-06-29 23:10:00+00:00"", ""2017-09-04 23:10:00+00:00"", ""2017-04-11 23:10:00+00:00"", ""2017-09-30 23:10:00+00:00"", ""2017-04-28 23:10:00+00:00"", ""2017-04-30 17:10:00+00:00"", ""2017-06-14 17:10:00+00:00"", ""2017-07-14 23:10:00+00:00"", ""2017-07-31 23:10:00+00:00"", ""2017-09-05 23:10:00+00:00"", ""2017-09-18 23:10:00+00:00"", ""2017-10-01 19:10:00+00:00"", ""2017-04-12 23:10:00+00:00"", ""2017-04-29 23:10:00+00:00"", ""2017-09-03 17:10:00+00:00"", ""2017-07-17 23:10:00+00:00"", ""2017-07-18 23:10:00+00:00"", ""2017-05-29 23:10:00+00:00"", ""2017-05-31 17:10:00+00:00"", ""2017-07-19 16:10:00+00:00"", ""2017-08-31 23:10:00+00:00"", ""2017-05-30 23:10:00+00:00"", ""2017-09-01 23:10:00+00:00"", ""2017-09-02 23:10:00+00:00"", ""2017-06-02 23:10:00+00:00"", ""2017-06-04 17:10:00+00:00"", ""2017-06-01 23:10:00+00:00"", ""2017-06-03 17:10:00+00:00"", ""2017-08-26 23:10:00+00:00"", ""2017-08-27 17:10:00+00:00"", ""2017-05-28 17:10:00+00:00"", ""2017-05-26 23:10:00+00:00"", ""2017-05-27 17:10:00+00:00"", ""2017-08-13 17:10:00+00:00"", ""2017-05-01 23:10:00+00:00"", ""2017-08-11 23:10:00+00:00"", ""2017-08-12 23:10:00+00:00"", ""2017-05-17 16:10:00+00:00"", ""2017-05-16 23:10:00+00:00"", ""2017-05-15 23:10:00+00:00"", ""2017-05-08 23:10:00+00:00"", ""2017-05-09 23:10:00+00:00"", ""2017-09-16 23:10:00+00:00"", ""2017-09-17 17:10:00+00:00"", ""2017-09-15 23:10:00+00:00"", ""2017-05-10 23:10:00+00:00"", ""2017-05-02 23:10:00+00:00""]",03-40,,mlb
Cincinnati Reds,81,"[9724431, 9724479, 9724437, 9724429, 9724498, 9724435, 9724457, 9724460, 9724493, 9724512, 9724425, 9724436, 9724502, 9724455, 9724491, 9724499, 9724434, 9724456, 9724489, 9724500, 9724511, 9724184, 9724393, 9724426, 9724451, 9724459, 9724462, 9724484, 9724495, 9724503, 9724176, 9724187, 9724427, 9724430, 9724438, 9724452, 9724463, 9724496, 9724428, 9724439, 9724453, 9724497, 9724505, 9724390, 9724398, 9724481, 9724483, 9724477, 9724476, 9724473, 9724433, 9724432, 9724474, 9724469, 9724466, 9724467, 9724196, 9724274, 9724202, 9724267, 9724270, 9724354, 9724309, 9724323, 9724356, 9724305, 9724313, 9724447, 9724317, 9724331, 9724326, 9724351, 9724510, 9724508, 9724509, 9724198, 9724290, 9724287, 9724205, 9724203, 9724449]","[""2017-07-18 23:10:00+00:00"", ""2017-04-03 20:10:00+00:00"", ""2017-05-05 22:40:00+00:00"", ""2017-08-23 23:10:00+00:00"", ""2017-09-15 23:10:00+00:00"", ""2017-06-17 20:10:00+00:00"", ""2017-08-31 16:35:00+00:00"", ""2017-07-15 23:10:00+00:00"", ""2017-05-04 23:10:00+00:00"", ""2017-05-09 23:10:00+00:00"", ""2017-06-30 23:10:00+00:00"", ""2017-06-18 17:10:00+00:00"", ""2017-09-22 23:10:00+00:00"", ""2017-08-29 23:10:00+00:00"", ""2017-05-03 23:10:00+00:00"", ""2017-09-16 20:10:00+00:00"", ""2017-06-16 23:10:00+00:00"", ""2017-08-30 23:10:00+00:00"", ""2017-05-02 23:10:00+00:00"", ""2017-09-17 17:10:00+00:00"", ""2017-05-08 23:10:00+00:00"", ""2017-06-03 20:10:00+00:00"", ""2017-04-22 17:10:00+00:00"", ""2017-07-01 20:10:00+00:00"", ""2017-07-21 23:10:00+00:00"", ""2017-07-14 23:10:00+00:00"", ""2017-07-16 17:10:00+00:00"", ""2017-05-01 23:10:00+00:00"", ""2017-08-25 23:10:00+00:00"", ""2017-09-23 20:10:00+00:00"", ""2017-06-02 23:10:00+00:00"", ""2017-06-04 17:10:00+00:00"", ""2017-07-02 17:10:00+00:00"", ""2017-08-24 23:10:00+00:00"", ""2017-05-06 23:10:00+00:00"", ""2017-07-22 23:10:00+00:00"", ""2017-07-17 16:35:00+00:00"", ""2017-08-26 23:10:00+00:00"", ""2017-08-22 23:10:00+00:00"", ""2017-05-07 20:10:00+00:00"", ""2017-07-23 17:10:00+00:00"", ""2017-08-27 17:10:00+00:00"", ""2017-09-24 17:10:00+00:00"", ""2017-04-21 23:10:00+00:00"", ""2017-04-23 17:10:00+00:00"", ""2017-04-05 23:10:00+00:00"", ""2017-04-06 16:35:00+00:00"", ""2017-08-10 16:35:00+00:00"", ""2017-08-09 23:10:00+00:00"", ""2017-08-07 23:10:00+00:00"", ""2017-07-20 16:35:00+00:00"", ""2017-07-19 23:10:00+00:00"", ""2017-08-08 23:10:00+00:00"", ""2017-04-20 23:10:00+00:00"", ""2017-04-18 23:10:00+00:00"", ""2017-04-19 23:10:00+00:00"", ""2017-04-13 23:10:00+00:00"", ""2017-09-04 17:10:00+00:00"", ""2017-04-15 17:10:00+00:00"", ""2017-06-28 23:10:00+00:00"", ""2017-06-29 23:10:00+00:00"", ""2017-09-20 23:10:00+00:00"", ""2017-06-06 23:10:00+00:00"", ""2017-08-04 23:10:00+00:00"", ""2017-09-21 23:10:00+00:00"", ""2017-06-05 23:10:00+00:00"", ""2017-06-07 23:10:00+00:00"", ""2017-05-22 23:10:00+00:00"", ""2017-06-08 16:35:00+00:00"", ""2017-08-06 17:10:00+00:00"", ""2017-08-05 23:10:00+00:00"", ""2017-09-19 23:10:00+00:00"", ""2017-05-21 17:10:00+00:00"", ""2017-05-19 23:10:00+00:00"", ""2017-05-20 20:10:00+00:00"", ""2017-04-14 23:10:00+00:00"", ""2017-09-06 16:35:00+00:00"", ""2017-09-05 23:10:00+00:00"", ""2017-06-27 23:10:00+00:00"", ""2017-04-16 17:10:00+00:00"", ""2017-05-23 23:10:00+00:00""]",03-50,,mlb
Minnesota Twins,81,"[9711099, 9711100, 9711093, 9711103, 9711097, 9711196, 9711101, 9711109, 9711111, 9711113, 9711124, 9711116, 9711117, 9711128, 9711112, 9711138, 9711149, 9711163, 9711174, 9711139, 9711142, 9711164, 9711175, 9711144, 9711154, 9711165, 9711135, 9711150, 9711161, 9711172, 9711194, 9711148, 9711159, 9711162, 9711195, 9711141, 9711167, 9711136, 9711147, 9711178, 9711181, 9711107, 9711095, 9711169, 9711192, 9711166, 9711177, 9711123, 9711134, 9711156, 9711143, 9711180, 9711098, 9711187, 9711122, 9711129, 9711132, 9711096, 9711115, 9711126, 9711140, 9711184, 9711146, 9711160, 9711168, 9711179, 9711182, 9711094, 9711170, 9711189, 9711121, 9711119, 9711114, 9711131, 9711153, 9711145, 9711120, 9711125, 9711190, 9711127, 9711185]","[""2017-04-18 00:10:00+00:00"", ""2017-04-19 00:10:00+00:00"", ""2017-04-03 20:10:00+00:00"", ""2017-04-20 17:10:00+00:00"", ""2017-04-15 18:10:00+00:00"", ""2017-10-01 19:10:00+00:00"", ""2017-04-20 00:10:00+00:00"", ""2017-04-23 18:10:00+00:00"", ""2017-04-22 18:10:00+00:00"", ""2017-05-04 00:10:00+00:00"", ""2017-05-20 18:10:00+00:00"", ""2017-05-07 18:10:00+00:00"", ""2017-05-06 18:10:00+00:00"", ""2017-05-29 18:10:00+00:00"", ""2017-05-03 00:10:00+00:00"", ""2017-06-17 00:10:00+00:00"", ""2017-07-09 18:10:00+00:00"", ""2017-08-05 00:10:00+00:00"", ""2017-08-20 18:10:00+00:00"", ""2017-06-18 18:10:00+00:00"", ""2017-06-22 00:10:00+00:00"", ""2017-08-06 18:10:00+00:00"", ""2017-08-19 23:10:00+00:00"", ""2017-07-04 00:10:00+00:00"", ""2017-07-19 00:10:00+00:00"", ""2017-08-05 23:10:00+00:00"", ""2017-06-15 00:10:00+00:00"", ""2017-07-08 18:10:00+00:00"", ""2017-07-22 23:10:00+00:00"", ""2017-08-19 00:10:00+00:00"", ""2017-09-30 23:10:00+00:00"", ""2017-07-08 00:10:00+00:00"", ""2017-07-22 00:10:00+00:00"", ""2017-08-04 00:10:00+00:00"", ""2017-09-30 00:10:00+00:00"", ""2017-06-21 00:10:00+00:00"", ""2017-08-09 00:10:00+00:00"", ""2017-06-15 17:10:00+00:00"", ""2017-07-07 00:10:00+00:00"", ""2017-08-31 00:10:00+00:00"", ""2017-09-03 18:10:00+00:00"", ""2017-04-22 00:10:00+00:00"", ""2017-04-06 17:10:00+00:00"", ""2017-08-17 00:10:00+00:00"", ""2017-09-16 23:10:00+00:00"", ""2017-08-08 00:10:00+00:00"", ""2017-08-30 00:10:00+00:00"", ""2017-05-21 18:10:00+00:00"", ""2017-06-14 00:10:00+00:00"", ""2017-07-19 17:10:00+00:00"", ""2017-06-22 17:10:00+00:00"", ""2017-09-02 00:10:00+00:00"", ""2017-04-16 20:10:00+00:00"", ""2017-09-15 00:10:00+00:00"", ""2017-05-20 00:10:00+00:00"", ""2017-05-31 00:10:00+00:00"", ""2017-06-13 00:10:00+00:00"", ""2017-04-15 00:10:00+00:00"", ""2017-05-06 00:10:00+00:00"", ""2017-05-28 18:10:00+00:00"", ""2017-06-17 18:10:00+00:00"", ""2017-09-13 00:10:00+00:00"", ""2017-07-06 00:10:00+00:00"", ""2017-07-23 18:10:00+00:00"", ""2017-08-16 00:10:00+00:00"", ""2017-08-31 17:10:00+00:00"", ""2017-09-02 23:10:00+00:00"", ""2017-04-05 17:10:00+00:00"", ""2017-08-17 17:10:00+00:00"", ""2017-09-16 00:10:00+00:00"", ""2017-05-18 17:10:00+00:00"", ""2017-05-17 00:10:00+00:00"", ""2017-05-04 17:10:00+00:00"", ""2017-05-31 17:10:00+00:00"", ""2017-07-18 00:10:00+00:00"", ""2017-07-04 18:10:00+00:00"", ""2017-05-18 00:10:00+00:00"", ""2017-05-27 00:10:00+00:00"", ""2017-09-17 18:10:00+00:00"", ""2017-05-27 18:10:00+00:00"", ""2017-09-14 00:10:00+00:00""]",04-00,,mlb
Detroit Tigers,81,"[9708084, 9708059, 9708095, 9708114, 9708052, 9708074, 9708096, 9708115, 9708057, 9708060, 9708071, 9708079, 9708058, 9708061, 9708069, 9708072, 9708083, 9708116, 9708097, 9708127, 9708130, 9708080, 9708107, 9708129, 9708132, 9708106, 9708128, 9708081, 9708108, 9708076, 9708062, 9708056, 9708123, 9708118, 9708065, 9708067, 9708117, 9708101, 9708090, 9708120, 9708102, 9708088, 9708121, 9708089, 9708100, 9708122, 9708068, 9708091, 9708082, 9708126, 9708099, 9708087, 9708055, 9708054, 9708053, 9708110, 9708075, 9708111, 9708133, 9708119, 9708078, 9708070, 9708092, 9708093, 9708109, 9708063, 9708131, 9708098, 9708086, 9708105, 9708077, 9708064, 9708112, 9708124, 9708125, 9708113, 9708085, 9708066, 9708094, 9708103, 9708104]","[""2017-06-15 23:10:00+00:00"", ""2017-04-25 23:10:00+00:00"", ""2017-07-05 23:10:00+00:00"", ""2017-08-22 23:10:00+00:00"", ""2017-04-07 17:10:00+00:00"", ""2017-05-20 20:10:00+00:00"", ""2017-07-06 17:10:00+00:00"", ""2017-08-23 23:10:00+00:00"", ""2017-04-12 17:10:00+00:00"", ""2017-04-26 23:10:00+00:00"", ""2017-05-18 17:10:00+00:00"", ""2017-06-06 23:10:00+00:00"", ""2017-04-13 17:10:00+00:00"", ""2017-04-27 17:10:00+00:00"", ""2017-05-16 23:10:00+00:00"", ""2017-05-19 23:10:00+00:00"", ""2017-06-14 23:10:00+00:00"", ""2017-08-24 17:10:00+00:00"", ""2017-07-14 23:10:00+00:00"", ""2017-09-18 23:10:00+00:00"", ""2017-09-21 23:10:00+00:00"", ""2017-06-07 23:10:00+00:00"", ""2017-08-10 17:10:00+00:00"", ""2017-09-20 17:10:00+00:00"", ""2017-09-23 22:10:00+00:00"", ""2017-08-09 23:10:00+00:00"", ""2017-09-19 23:10:00+00:00"", ""2017-06-08 17:10:00+00:00"", ""2017-08-11 23:10:00+00:00"", ""2017-06-02 23:10:00+00:00"", ""2017-04-28 23:10:00+00:00"", ""2017-04-11 17:10:00+00:00"", ""2017-09-14 17:10:00+00:00"", ""2017-09-02 17:00:00+00:00"", ""2017-05-01 23:10:00+00:00"", ""2017-05-03 23:10:00+00:00"", ""2017-09-01 23:10:00+00:00"", ""2017-07-25 23:10:00+00:00"", ""2017-06-29 17:10:00+00:00"", ""2017-09-04 17:10:00+00:00"", ""2017-07-26 23:10:00+00:00"", ""2017-06-27 23:10:00+00:00"", ""2017-09-05 23:10:00+00:00"", ""2017-06-28 23:10:00+00:00"", ""2017-07-24 23:10:00+00:00"", ""2017-09-06 23:10:00+00:00"", ""2017-05-04 17:10:00+00:00"", ""2017-06-30 23:10:00+00:00"", ""2017-06-13 23:10:00+00:00"", ""2017-09-17 17:10:00+00:00"", ""2017-07-16 17:10:00+00:00"", ""2017-06-18 17:10:00+00:00"", ""2017-04-10 17:10:00+00:00"", ""2017-04-09 17:10:00+00:00"", ""2017-04-08 17:10:00+00:00"", ""2017-08-13 17:10:00+00:00"", ""2017-05-22 00:05:00+00:00"", ""2017-08-18 23:10:00+00:00"", ""2017-09-24 17:10:00+00:00"", ""2017-09-03 17:10:00+00:00"", ""2017-06-04 17:10:00+00:00"", ""2017-05-17 23:10:00+00:00"", ""2017-07-01 20:10:00+00:00"", ""2017-07-02 17:10:00+00:00"", ""2017-08-12 22:10:00+00:00"", ""2017-04-29 17:10:00+00:00"", ""2017-09-22 23:10:00+00:00"", ""2017-07-15 22:10:00+00:00"", ""2017-06-17 20:10:00+00:00"", ""2017-07-30 17:10:00+00:00"", ""2017-06-03 20:10:00+00:00"", ""2017-04-30 17:10:00+00:00"", ""2017-08-19 20:05:00+00:00"", ""2017-09-15 23:10:00+00:00"", ""2017-09-16 22:10:00+00:00"", ""2017-08-20 17:10:00+00:00"", ""2017-06-16 23:10:00+00:00"", ""2017-05-02 23:10:00+00:00"", ""2017-07-04 17:10:00+00:00"", ""2017-07-28 23:10:00+00:00"", ""2017-07-29 22:10:00+00:00""]",04-10,,mlb
Los Angeles Angels,83,"[9717314, 9717315, 9717316, 9717271, 9717273, 9717272, 9717320, 9717318, 9717321, 9717333, 9717319, 9717257, 9717334, 9717258, 9717335, 9717259, 9717322, 9717279, 9717301, 9717309, 9717293, 9717327, 9744280, 9717308, 9717311, 9717281, 9717294, 9717254, 9717265, 9717287, 9717339, 9717353, 9744281, 9717255, 9717266, 9717307, 9717260, 9717286, 9717297, 9717305, 9717302, 9717313, 9717328, 9717298, 9717299, 9717277, 9717276, 9717300, 9717262, 9717284, 9717295, 9717263, 9717285, 9717296, 9717304, 9717425, 9717326, 9717280, 9717288, 9717264, 9717282, 9717312, 9717261, 9717283, 9717306, 9717270, 9717330, 9717331, 9717332, 9717267, 9717268, 9717323, 9717269, 9717324, 9717275, 9717290, 9717338, 9717291, 9717289, 9717292, 9717336, 9717337, 9717256]","[""2017-08-08 02:07:00+00:00"", ""2017-08-09 02:07:00+00:00"", ""2017-08-09 19:37:00+00:00"", ""2017-05-13 02:07:00+00:00"", ""2017-05-14 19:37:00+00:00"", ""2017-05-14 01:07:00+00:00"", ""2017-08-24 02:07:00+00:00"", ""2017-08-22 02:07:00+00:00"", ""2017-08-25 02:07:00+00:00"", ""2017-09-16 02:07:00+00:00"", ""2017-08-23 02:07:00+00:00"", ""2017-04-12 02:07:00+00:00"", ""2017-09-17 01:07:00+00:00"", ""2017-04-13 02:07:00+00:00"", ""2017-09-17 19:37:00+00:00"", ""2017-04-13 19:37:00+00:00"", ""2017-08-26 02:07:00+00:00"", ""2017-05-30 02:07:00+00:00"", ""2017-07-19 02:07:00+00:00"", ""2017-08-04 02:07:00+00:00"", ""2017-06-29 02:07:00+00:00"", ""2017-08-30 02:07:00+00:00"", ""2017-03-31 02:07:00+00:00"", ""2017-08-03 02:07:00+00:00"", ""2017-08-05 02:07:00+00:00"", ""2017-06-01 02:07:00+00:00"", ""2017-06-30 02:07:00+00:00"", ""2017-04-08 02:07:00+00:00"", ""2017-04-27 02:07:00+00:00"", ""2017-06-14 02:07:00+00:00"", ""2017-09-30 02:07:00+00:00"", ""2017-10-01 01:07:00+00:00"", ""2017-04-01 02:07:00+00:00"", ""2017-04-09 02:07:00+00:00"", ""2017-04-28 02:07:00+00:00"", ""2017-08-02 02:07:00+00:00"", ""2017-04-22 02:07:00+00:00"", ""2017-06-13 02:07:00+00:00"", ""2017-07-02 19:37:00+00:00"", ""2017-07-23 01:07:00+00:00"", ""2017-07-20 02:07:00+00:00"", ""2017-08-06 19:37:00+00:00"", ""2017-08-31 02:07:00+00:00"", ""2017-07-15 02:07:00+00:00"", ""2017-07-16 01:07:00+00:00"", ""2017-05-18 02:07:00+00:00"", ""2017-05-17 02:07:00+00:00"", ""2017-07-16 19:37:00+00:00"", ""2017-04-23 19:37:00+00:00"", ""2017-06-04 02:07:00+00:00"", ""2017-07-01 02:07:00+00:00"", ""2017-04-25 02:07:00+00:00"", ""2017-06-04 19:37:00+00:00"", ""2017-07-02 02:07:00+00:00"", ""2017-07-22 02:07:00+00:00"", ""2017-10-01 19:07:00+00:00"", ""2017-08-29 02:07:00+00:00"", ""2017-05-31 02:07:00+00:00"", ""2017-06-15 02:07:00+00:00"", ""2017-04-26 02:07:00+00:00"", ""2017-06-02 02:07:00+00:00"", ""2017-08-06 01:07:00+00:00"", ""2017-04-23 01:07:00+00:00"", ""2017-06-03 02:07:00+00:00"", ""2017-07-23 19:37:00+00:00"", ""2017-05-12 02:07:00+00:00"", ""2017-09-13 02:07:00+00:00"", ""2017-09-14 02:07:00+00:00"", ""2017-09-15 02:07:00+00:00"", ""2017-05-06 02:07:00+00:00"", ""2017-05-07 01:07:00+00:00"", ""2017-08-27 01:07:00+00:00"", ""2017-05-07 19:37:00+00:00"", ""2017-08-27 19:37:00+00:00"", ""2017-05-16 02:07:00+00:00"", ""2017-06-17 02:07:00+00:00"", ""2017-09-21 20:00:00+00:00"", ""2017-06-18 00:15:00+00:00"", ""2017-06-16 02:07:00+00:00"", ""2017-06-18 19:37:00+00:00"", ""2017-09-20 02:07:00+00:00"", ""2017-09-21 02:07:00+00:00"", ""2017-04-09 19:37:00+00:00""]",04-20,,mlb
Texas Rangers,83,"[9706163, 9706152, 9706138, 9706158, 9706150, 9706147, 9706143, 9706126, 9706100, 9706164, 9706162, 9706159, 9706151, 9706148, 9706140, 9706137, 9706101, 9706109, 9706112, 9706134, 9706167, 9706156, 9706145, 9706113, 9706168, 9706160, 9706157, 9706146, 9706135, 9706105, 9706127, 9706103, 9706125, 9706099, 9706107, 9706141, 9706106, 9706131, 9706165, 9706096, 9706132, 9706108, 9706153, 9706130, 9706114, 9706110, 9706129, 9706154, 9706155, 9706144, 9706051, 9706059, 9706073, 9706049, 9706072, 9706055, 9706066, 9706056, 9706067, 9706070, 9706078, 9706081, 9706079, 9706084, 9706095, 9706074, 9706085, 9736549, 9706064, 9706054, 9706060, 9706068, 9706058, 9706052, 9706071, 9706092, 9706082, 9706094, 9736550, 9706075, 9706086, 9706076, 9706090]","[""2017-09-27 18:05:00+00:00"", ""2017-09-03 19:05:00+00:00"", ""2017-08-13 00:05:00+00:00"", ""2017-09-14 00:05:00+00:00"", ""2017-09-02 00:05:00+00:00"", ""2017-08-20 00:05:00+00:00"", ""2017-08-16 00:05:00+00:00"", ""2017-07-26 00:05:00+00:00"", ""2017-06-17 21:05:00+00:00"", ""2017-09-29 00:05:00+00:00"", ""2017-09-27 00:05:00+00:00"", ""2017-09-15 00:05:00+00:00"", ""2017-09-02 23:15:00+00:00"", ""2017-08-20 19:05:00+00:00"", ""2017-08-13 19:05:00+00:00"", ""2017-08-12 00:05:00+00:00"", ""2017-06-18 19:05:00+00:00"", ""2017-07-05 00:05:00+00:00"", ""2017-07-08 00:05:00+00:00"", ""2017-08-02 00:05:00+00:00"", ""2017-10-01 00:05:00+00:00"", ""2017-09-12 00:05:00+00:00"", ""2017-08-18 00:05:00+00:00"", ""2017-07-09 01:05:00+00:00"", ""2017-10-01 19:05:00+00:00"", ""2017-09-26 00:05:00+00:00"", ""2017-09-13 00:05:00+00:00"", ""2017-08-19 00:05:00+00:00"", ""2017-08-03 00:05:00+00:00"", ""2017-06-21 00:05:00+00:00"", ""2017-07-27 00:05:00+00:00"", ""2017-06-20 00:05:00+00:00"", ""2017-07-25 00:05:00+00:00"", ""2017-06-17 00:05:00+00:00"", ""2017-06-22 18:05:00+00:00"", ""2017-08-15 00:05:00+00:00"", ""2017-06-22 00:05:00+00:00"", ""2017-07-30 19:05:00+00:00"", ""2017-09-30 00:05:00+00:00"", ""2017-06-08 00:05:00+00:00"", ""2017-08-01 00:05:00+00:00"", ""2017-07-04 00:05:00+00:00"", ""2017-09-09 00:05:00+00:00"", ""2017-07-30 00:05:00+00:00"", ""2017-07-09 19:05:00+00:00"", ""2017-07-06 00:05:00+00:00"", ""2017-07-29 00:05:00+00:00"", ""2017-09-10 00:05:00+00:00"", ""2017-09-10 19:05:00+00:00"", ""2017-08-17 00:05:00+00:00"", ""2017-04-05 00:05:00+00:00"", ""2017-04-22 00:05:00+00:00"", ""2017-05-11 00:05:00+00:00"", ""2017-04-03 23:05:00+00:00"", ""2017-04-30 19:05:00+00:00"", ""2017-04-09 00:05:00+00:00"", ""2017-04-25 00:05:00+00:00"", ""2017-04-09 19:05:00+00:00"", ""2017-04-26 00:05:00+00:00"", ""2017-04-29 00:05:00+00:00"", ""2017-05-14 19:05:00+00:00"", ""2017-05-18 00:05:00+00:00"", ""2017-05-17 00:05:00+00:00"", ""2017-05-30 00:05:00+00:00"", ""2017-06-07 00:05:00+00:00"", ""2017-05-12 00:05:00+00:00"", ""2017-05-31 00:05:00+00:00"", ""2017-04-01 00:05:00+00:00"", ""2017-04-23 19:05:00+00:00"", ""2017-04-08 00:05:00+00:00"", ""2017-04-23 00:05:00+00:00"", ""2017-04-27 00:05:00+00:00"", ""2017-04-21 00:05:00+00:00"", ""2017-04-06 00:05:00+00:00"", ""2017-04-29 23:15:00+00:00"", ""2017-06-03 23:15:00+00:00"", ""2017-05-18 18:05:00+00:00"", ""2017-06-04 19:05:00+00:00"", ""2017-04-01 18:05:00+00:00"", ""2017-05-13 00:05:00+00:00"", ""2017-06-01 00:05:00+00:00"", ""2017-05-14 00:05:00+00:00"", ""2017-06-03 00:05:00+00:00""]",04-30,,mlb
Pittsburgh Pirates,81,"[9712942, 9712918, 9712923, 9712967, 9712917, 9712972, 9712910, 9712904, 9712971, 9712937, 9712973, 9712938, 9712974, 9712944, 9712943, 9712902, 9712913, 9712924, 9712964, 9712903, 9712925, 9712936, 9712911, 9712919, 9712908, 9712966, 9712965, 9712909, 9712912, 9712970, 9712905, 9712952, 9712968, 9712969, 9712906, 9712953, 9712907, 9712954, 9712930, 9712931, 9712929, 9712932, 9712920, 9712921, 9712922, 9712982, 9712981, 9712959, 9712958, 9712935, 9712933, 9712934, 9712940, 9712941, 9712939, 9712957, 9712955, 9712956, 9712928, 9712926, 9712927, 9712980, 9712945, 9712978, 9712946, 9712960, 9712947, 9712961, 9712962, 9712963, 9712949, 9712950, 9712977, 9712979, 9712915, 9712948, 9712951, 9712916, 9712914, 9712975, 9712976]","[""2017-06-30 23:05:00+00:00"", ""2017-05-17 23:05:00+00:00"", ""2017-05-26 23:05:00+00:00"", ""2017-08-24 20:05:00+00:00"", ""2017-05-16 23:05:00+00:00"", ""2017-09-05 23:05:00+00:00"", ""2017-04-23 17:35:00+00:00"", ""2017-04-09 17:35:00+00:00"", ""2017-09-04 20:05:00+00:00"", ""2017-06-18 00:15:00+00:00"", ""2017-09-06 23:05:00+00:00"", ""2017-06-18 17:35:00+00:00"", ""2017-09-07 23:05:00+00:00"", ""2017-07-02 17:35:00+00:00"", ""2017-07-01 20:05:00+00:00"", ""2017-04-07 17:05:00+00:00"", ""2017-04-26 23:05:00+00:00"", ""2017-05-27 23:15:00+00:00"", ""2017-08-21 23:05:00+00:00"", ""2017-04-08 23:05:00+00:00"", ""2017-05-29 00:00:00+00:00"", ""2017-06-16 23:05:00+00:00"", ""2017-04-24 23:05:00+00:00"", ""2017-05-18 16:35:00+00:00"", ""2017-04-21 23:05:00+00:00"", ""2017-08-23 23:05:00+00:00"", ""2017-08-22 23:05:00+00:00"", ""2017-04-22 20:05:00+00:00"", ""2017-04-25 23:05:00+00:00"", ""2017-09-03 17:35:00+00:00"", ""2017-04-10 23:05:00+00:00"", ""2017-08-01 23:05:00+00:00"", ""2017-09-01 23:05:00+00:00"", ""2017-09-02 23:05:00+00:00"", ""2017-04-11 23:05:00+00:00"", ""2017-08-02 23:05:00+00:00"", ""2017-04-12 23:05:00+00:00"", ""2017-08-03 23:05:00+00:00"", ""2017-06-09 23:05:00+00:00"", ""2017-06-10 20:05:00+00:00"", ""2017-06-08 23:05:00+00:00"", ""2017-06-11 17:35:00+00:00"", ""2017-05-19 23:05:00+00:00"", ""2017-05-20 20:05:00+00:00"", ""2017-05-21 17:35:00+00:00"", ""2017-09-27 23:05:00+00:00"", ""2017-09-26 23:05:00+00:00"", ""2017-08-08 23:05:00+00:00"", ""2017-08-07 23:05:00+00:00"", ""2017-06-14 23:05:00+00:00"", ""2017-06-12 23:05:00+00:00"", ""2017-06-13 23:05:00+00:00"", ""2017-06-28 23:05:00+00:00"", ""2017-06-29 23:05:00+00:00"", ""2017-06-27 23:05:00+00:00"", ""2017-08-06 17:35:00+00:00"", ""2017-08-04 23:05:00+00:00"", ""2017-08-05 23:05:00+00:00"", ""2017-05-31 16:35:00+00:00"", ""2017-05-29 20:05:00+00:00"", ""2017-05-30 23:05:00+00:00"", ""2017-09-24 17:35:00+00:00"", ""2017-07-14 23:05:00+00:00"", ""2017-09-22 23:05:00+00:00"", ""2017-07-15 23:05:00+00:00"", ""2017-08-17 23:05:00+00:00"", ""2017-07-16 17:35:00+00:00"", ""2017-08-18 23:05:00+00:00"", ""2017-08-19 23:05:00+00:00"", ""2017-08-20 17:35:00+00:00"", ""2017-07-18 23:05:00+00:00"", ""2017-07-19 23:05:00+00:00"", ""2017-09-20 23:05:00+00:00"", ""2017-09-23 23:05:00+00:00"", ""2017-05-06 23:05:00+00:00"", ""2017-07-17 23:05:00+00:00"", ""2017-07-20 16:35:00+00:00"", ""2017-05-07 17:35:00+00:00"", ""2017-05-05 23:05:00+00:00"", ""2017-09-18 23:05:00+00:00"", ""2017-09-19 23:05:00+00:00""]",04-40,,mlb
Tampa Bay Rays,80,"[9721595, 9721603, 9721834, 9722233, 9722307, 9722318, 9721585, 9721596, 9721604, 9721835, 9722234, 9721597, 9721605, 9721616, 9721836, 9722235, 9722309, 9722312, 9721587, 9721617, 9721838, 9722226, 9722237, 9722240, 9722248, 9722251, 9721580, 9721599, 9721687, 9721837, 9722236, 9721608, 9721828, 9722230, 9722348, 9722335, 9722261, 9721590, 9722332, 9722329, 9722288, 9722300, 9722295, 9721830, 9721591, 9721588, 9721577, 9721831, 9721592, 9721589, 9721578, 9721570, 9722341, 9722286, 9721593, 9721579, 9721571, 9722342, 9722317, 9722298, 9722290, 9721594, 9721572, 9721569, 9722326, 9721601, 9721829, 9721832, 9722217, 9722228, 9722239, 9721602, 9721833, 9722229, 9722232, 9722254, 9722320, 9722349, 9722345, 9722238]","[""2017-08-22 23:10:00+00:00"", ""2017-09-19 23:10:00+00:00"", ""2017-06-25 17:10:00+00:00"", ""2017-07-07 23:10:00+00:00"", ""2017-09-04 23:10:00+00:00"", ""2017-06-07 23:10:00+00:00"", ""2017-06-10 18:10:00+00:00"", ""2017-08-23 23:10:00+00:00"", ""2017-09-20 23:10:00+00:00"", ""2017-07-24 23:10:00+00:00"", ""2017-07-08 20:10:00+00:00"", ""2017-08-24 17:10:00+00:00"", ""2017-08-10 23:10:00+00:00"", ""2017-08-12 22:10:00+00:00"", ""2017-07-25 23:10:00+00:00"", ""2017-07-09 17:10:00+00:00"", ""2017-09-05 23:10:00+00:00"", ""2017-09-06 17:10:00+00:00"", ""2017-06-11 17:10:00+00:00"", ""2017-08-13 17:10:00+00:00"", ""2017-09-29 23:10:00+00:00"", ""2017-10-01 19:10:00+00:00"", ""2017-08-09 23:10:00+00:00"", ""2017-09-17 17:10:00+00:00"", ""2017-06-19 23:10:00+00:00"", ""2017-06-20 23:10:00+00:00"", ""2017-06-09 23:10:00+00:00"", ""2017-08-04 23:10:00+00:00"", ""2017-08-18 23:10:00+00:00"", ""2017-07-26 16:10:00+00:00"", ""2017-08-08 23:10:00+00:00"", ""2017-08-11 23:10:00+00:00"", ""2017-08-19 22:10:00+00:00"", ""2017-07-23 17:10:00+00:00"", ""2017-09-12 23:10:00+00:00"", ""2017-05-19 23:10:00+00:00"", ""2017-05-08 23:10:00+00:00"", ""2017-04-08 22:10:00+00:00"", ""2017-04-05 23:10:00+00:00"", ""2017-04-04 23:10:00+00:00"", ""2017-05-10 23:10:00+00:00"", ""2017-04-20 17:10:00+00:00"", ""2017-04-18 23:10:00+00:00"", ""2017-05-03 23:10:00+00:00"", ""2017-04-09 17:10:00+00:00"", ""2017-04-06 23:10:00+00:00"", ""2017-04-21 23:10:00+00:00"", ""2017-05-04 23:10:00+00:00"", ""2017-05-05 23:10:00+00:00"", ""2017-04-07 23:10:00+00:00"", ""2017-04-22 22:10:00+00:00"", ""2017-05-23 23:10:00+00:00"", ""2017-05-20 20:10:00+00:00"", ""2017-05-09 23:10:00+00:00"", ""2017-05-06 20:10:00+00:00"", ""2017-04-23 17:10:00+00:00"", ""2017-05-24 23:10:00+00:00"", ""2017-05-21 17:10:00+00:00"", ""2017-06-06 23:10:00+00:00"", ""2017-04-19 23:10:00+00:00"", ""2017-05-11 17:10:00+00:00"", ""2017-05-07 17:10:00+00:00"", ""2017-05-25 17:10:00+00:00"", ""2017-05-22 23:10:00+00:00"", ""2017-04-02 17:10:00+00:00"", ""2017-08-05 22:10:00+00:00"", ""2017-08-20 17:10:00+00:00"", ""2017-06-23 23:10:00+00:00"", ""2017-09-30 23:10:00+00:00"", ""2017-07-21 23:10:00+00:00"", ""2017-09-16 22:10:00+00:00"", ""2017-08-06 17:10:00+00:00"", ""2017-06-24 20:10:00+00:00"", ""2017-07-22 22:10:00+00:00"", ""2017-07-06 23:10:00+00:00"", ""2017-06-21 16:10:00+00:00"", ""2017-06-08 23:10:00+00:00"", ""2017-09-13 23:10:00+00:00"", ""2017-09-11 23:10:00+00:00"", ""2017-09-15 23:11:00+00:00""]",04-50,,mlb
,,,,,,